# Effective area for Roman (m^2) - parameters as of 2021 06 14,,,,,,,,,,,
Wave,F062,F087,F106,F129,F158,F184,F146,F213,SNPrism,Grism_1stOrder,Grism_0thOrder
0.4,0,0,0,0,0,0,0,0,0,0,0
0.401,0,0,0,0,0,0,0,0,0,0,0
0.402,0,0,0,0,0,0,0,0,0,0,0
0.403,0,0,0,0,0,0,0,0,0,0,0
0.404,0,0,0,0,0,0,0,0,0,0,0
0.405,0,0,0,0,0,0,0,0,0,0,0
0.406,0,0,0,0,0,0,0,0,0,0,0
0.407,0,0,0,0,0,0,0,0,0,0,0
0.408,0,0,0,0,0,0,0,0,0,0,0
0.409,0,0,0,0,0,0,0,0,0,0,0
0.41,0,0,0,0,0,0,0,0,0,0,0
0.411,0,0,0,0,0,0,0,0,0,0,0
0.412,0,0,0,0,0,0,0,0,0,0,0
0.413,0,0,0,0,0,0,0,0,0,0,0
0.414,0,0,0,0,0,0,0,0,0,0,0
0.415,0,0,0,0,0,0,0,0,0,0,0
0.416,0,0,0,0,0,0,0,0,0,0,0
0.417,0,0,0,0,0,0,0,0,0,0,0
0.418,0,0,0,0,0,0,0,0,0,0,0
0.419,0,0,0,0,0,0,0,0,0,0,0
0.42,0,0,0,0,0,0,0,0,0,0,0
0.421,0,0,0,0,0,0,0,0,0,0,0
0.422,0,0,0,0,0,0,0,0,0,0,0
0.423,0,0,0,0,0,0,0,0,0,0,0
0.424,0,0,0,0,0,0,0,0,0,0,0
0.425,0,0,0,0,0,0,0,0,0,0,0
0.426,0,0,0,0,0,0,0,0,0,0,0
0.427,0,0,0,0,0,0,0,0,0,0,0
0.428,0,0,0,0,0,0,0,0,0,0,0
0.429,0,0,0,0,0,0,0,0,0,0,0
0.43,0,0,0,0,0,0,0,0,0,0,0
0.431,0,0,0,0,0,0,0,0,0,0,0
0.432,0,0,0,0,0,0,0,0,0,0,0
0.433,0,0,0,0,0,0,0,0,0,0,0
0.434,0,0,0,0,0,0,0,0,0,0,0
0.435,0,0,0,0,0,0,0,0,0,0,0
0.436,0,0,0,0,0,0,0,0,0,0,0
0.437,0,0,0,0,0,0,0,0,0,0,0
0.438,0,0,0,0,0,0,0,0,0,0,0
0.439,0,0,0,0,0,0,0,0,0,0,0
0.44,0,0,0,0,0,0,0,0,0,0,0
0.441,0,0,0,0,0,0,0,0,0,0,0
0.442,0,0,0,0,0,0,0,0,0,0,0
0.443,0,0,0,0,0,0,0,0,0,0,0
0.444,0,0,0,0,0,0,0,0,0,0,0
0.445,0,0,0,0,0,0,0,0,0,0,0
0.446,0,0,0,0,0,0,0,0,0,0,0
0.447,0,0,0,0,0,0,0,0,0,0,0
0.448,0,0,0,0,0,0,0,0,0,0,0
0.449,0,0,0,0,0,0,0,0,0,0,0
0.45,0,0,0,0,0,0,0,0,0,0,0
0.451,0,0,0,0,0,0,0,0,0,0,0
0.452,0,0,0,0,0,0,0,0,0,0,0
0.453,0,0,0,0,0,0,0,0,0,0,0
0.454,0,0,0,0,0,0,0,0,0,0,0
0.455,0,0,0,0,0,0,0,0,0,0,0
0.456,0,0,0,0,0,0,0,0,0,0,0
0.457,0,0,0,0,0,0,0,0,0,0,0
0.458,0.0001,0,0,0,0,0,0,0,0,0,0
0.459,0.0001,0,0,0,0,0,0,0,0,0,0
0.46,0.0003,0,0,0,0,0,0,0,0,0,0
0.461,0.0005,0,0,0,0,0,0,0,0,0,0
0.462,0.0009,0,0,0,0,0,0,0,0,0,0
0.463,0.0017,0,0,0,0,0,0,0,0,0,0
0.464,0.003,0,0,0,0,0,0,0,0,0,0
0.465,0.0052,0,0,0,0,0,0,0,0,0,0
0.466,0.0088,0,0,0,0,0,0,0,0,0,0
0.467,0.0143,0,0,0,0,0,0,0,0,0,0
0.468,0.0226,0,0,0,0,0,0,0,0,0,0
0.469,0.0348,0,0,0,0,0,0,0,0,0,0
0.47,0.052,0,0,0,0,0,0,0,0,0,0
0.471,0.0756,0,0,0,0,0,0,0,0,0,0
0.472,0.1069,0,0,0,0,0,0,0,0,0,0
0.473,0.1473,0,0,0,0,0,0,0,0,0,0
0.474,0.1976,0,0,0,0,0,0,0,0,0,0
0.475,0.2583,0,0,0,0,0,0,0,0,0,0
0.476,0.3294,0,0,0,0,0,0,0,0,0,0
0.477,0.4099,0,0,0,0,0,0,0,0,0,0
0.478,0.4984,0,0,0,0,0,0,0,0,0,0
0.479,0.5924,0,0,0,0,0,0,0,0,0,0
0.48,0.6892,0,0,0,0,0,0,0,0,0,0
0.481,0.7849,0,0,0,0,0,0,0,0,0,0
0.482,0.8771,0,0,0,0,0,0,0,0,0,0
0.483,0.9629,0,0,0,0,0,0,0,0,0,0
0.484,1.0402,0,0,0,0,0,0,0,0,0,0
0.485,1.108,0,0,0,0,0,0,0,0,0,0
0.486,1.1651,0,0,0,0,0,0,0,0,0,0
0.487,1.2114,0,0,0,0,0,0,0,0,0,0
0.488,1.2477,0,0,0,0,0,0,0,0,0,0
0.489,1.2755,0,0,0,0,0,0,0,0,0,0
0.49,1.2956,0,0,0,0,0,0,0,0,0,0
0.491,1.3092,0,0,0,0,0,0,0,0,0,0
0.492,1.318,0,0,0,0,0,0,0,0,0,0
0.493,1.3236,0,0,0,0,0,0,0,0,0,0
0.494,1.3266,0,0,0,0,0,0,0,0,0,0
0.495,1.3277,0,0,0,0,0,0,0,0,0,0
0.496,1.3276,0,0,0,0,0,0,0,0,0,0
0.497,1.3271,0,0,0,0,0,0,0,0,0,0
0.498,1.3263,0,0,0,0,0,0,0,0,0,0
0.499,1.3252,0,0,0,0,0,0,0,0,0,0
0.5,1.3243,0,0,0,0,0,0,0,0,0,0
0.501,1.3242,0,0,0,0,0,0,0,0,0,0
0.502,1.3245,0,0,0,0,0,0,0,0,0,0
0.503,1.3251,0,0,0,0,0,0,0,0,0,0
0.504,1.326,0,0,0,0,0,0,0,0,0,0
0.505,1.3273,0,0,0,0,0,0,0,0,0,0
0.506,1.3289,0,0,0,0,0,0,0,0,0,0
0.507,1.3308,0,0,0,0,0,0,0,0,0,0
0.508,1.3331,0,0,0,0,0,0,0,0,0,0
0.509,1.3357,0,0,0,0,0,0,0,0,0,0
0.51,1.3386,0,0,0,0,0,0,0,0,0,0
0.511,1.3417,0,0,0,0,0,0,0,0,0,0
0.512,1.3453,0,0,0,0,0,0,0,0,0,0
0.513,1.3491,0,0,0,0,0,0,0,0,0,0
0.514,1.3532,0,0,0,0,0,0,0,0,0,0
0.515,1.3572,0,0,0,0,0,0,0,0,0,0
0.516,1.3615,0,0,0,0,0,0,0,0,0,0
0.517,1.3663,0,0,0,0,0,0,0,0,0,0
0.518,1.3716,0,0,0,0,0,0,0,0,0,0
0.519,1.3771,0,0,0,0,0,0,0,0,0,0
0.52,1.3827,0,0,0,0,0,0,0,0,0,0
0.521,1.3886,0,0,0,0,0,0,0,0,0,0
0.522,1.3948,0,0,0,0,0,0,0,0,0,0
0.523,1.4013,0,0,0,0,0,0,0,0,0,0
0.524,1.4079,0,0,0,0,0,0,0,0,0,0
0.525,1.4144,0,0,0,0,0,0,0,0,0,0
0.526,1.4211,0,0,0,0,0,0,0,0,0,0
0.527,1.4284,0,0,0,0,0,0,0,0,0,0
0.528,1.4358,0,0,0,0,0,0,0,0,0,0
0.529,1.4431,0,0,0,0,0,0,0,0,0,0
0.53,1.4506,0,0,0,0,0,0,0,0,0,0
0.531,1.4587,0,0,0,0,0,0,0,0,0,0
0.532,1.4669,0,0,0,0,0,0,0,0,0,0
0.533,1.4749,0,0,0,0,0,0,0,0,0,0
0.534,1.4831,0,0,0,0,0,0,0,0,0,0
0.535,1.4918,0,0,0,0,0,0,0,0,0,0
0.536,1.5006,0,0,0,0,0,0,0,0,0,0
0.537,1.5092,0,0,0,0,0,0,0,0,0,0
0.538,1.518,0,0,0,0,0,0,0,0,0,0
0.539,1.5272,0,0,0,0,0,0,0,0,0,0
0.54,1.5366,0,0,0,0,0,0,0,0,0,0
0.541,1.5458,0,0,0,0,0,0,0,0,0,0
0.542,1.555,0,0,0,0,0,0,0,0,0,0
0.543,1.5643,0,0,0,0,0,0,0,0,0,0
0.544,1.5737,0,0,0,0,0,0,0,0,0,0
0.545,1.5831,0,0,0,0,0,0,0,0,0,0
0.546,1.5928,0,0,0,0,0,0,0,0,0,0
0.547,1.6028,0,0,0,0,0,0,0,0,0,0
0.548,1.613,0,0,0,0,0,0,0,0,0,0
0.549,1.6229,0,0,0,0,0,0,0,0,0,0
0.55,1.6326,0,0,0,0,0,0,0,0,0,0
0.551,1.6424,0,0,0,0,0,0,0,0,0,0
0.552,1.6524,0,0,0,0,0,0,0,0,0,0
0.553,1.6625,0,0,0,0,0,0,0,0,0,0
0.554,1.673,0,0,0,0,0,0,0,0,0,0
0.555,1.684,0,0,0,0,0,0,0,0,0,0
0.556,1.6952,0,0,0,0,0,0,0,0,0,0
0.557,1.7062,0,0,0,0,0,0,0,0,0,0
0.558,1.7171,0,0,0,0,0,0,0,0,0,0
0.559,1.7283,0,0,0,0,0,0,0,0,0,0
0.56,1.7396,0,0,0,0,0,0,0,0,0,0
0.561,1.751,0,0,0,0,0,0,0,0,0,0
0.562,1.7625,0,0,0,0,0,0,0,0,0,0
0.563,1.7742,0,0,0,0,0,0,0,0,0,0
0.564,1.7859,0,0,0,0,0,0,0,0,0,0
0.565,1.7976,0,0,0,0,0,0,0,0,0,0
0.566,1.8095,0,0,0,0,0,0,0,0,0,0
0.567,1.8213,0,0,0,0,0,0,0,0,0,0
0.568,1.8332,0,0,0,0,0,0,0,0,0,0
0.569,1.8452,0,0,0,0,0,0,0,0,0,0
0.57,1.8571,0,0,0,0,0,0,0,0,0,0
0.571,1.8691,0,0,0,0,0,0,0,0,0,0
0.572,1.8811,0,0,0,0,0,0,0,0,0,0
0.573,1.893,0,0,0,0,0,0,0,0,0,0
0.574,1.9049,0,0,0,0,0,0,0,0,0,0
0.575,1.9168,0,0,0,0,0,0,0,0,0,0
0.576,1.9286,0,0,0,0,0,0,0,0,0,0
0.577,1.9403,0,0,0,0,0,0,0,0,0,0
0.578,1.952,0,0,0,0,0,0,0,0,0,0
0.579,1.9636,0,0,0,0,0,0,0,0,0,0
0.58,1.9751,0,0,0,0,0,0,0,0,0,0
0.581,1.9865,0,0,0,0,0,0,0,0,0,0
0.582,1.9978,0,0,0,0,0,0,0,0,0,0
0.583,2.0089,0,0,0,0,0,0,0,0,0,0
0.584,2.02,0,0,0,0,0,0,0,0,0,0
0.585,2.0308,0,0,0,0,0,0,0,0,0,0
0.586,2.0415,0,0,0,0,0,0,0,0,0,0
0.587,2.0521,0,0,0,0,0,0,0,0,0,0
0.588,2.0624,0,0,0,0,0,0,0,0,0,0
0.589,2.0726,0,0,0,0,0,0,0,0,0,0
0.59,2.0826,0,0,0,0,0,0,0,0,0,0
0.591,2.0923,0,0,0,0,0,0,0,0,0,0
0.592,2.1018,0,0,0,0,0,0,0,0,0,0
0.593,2.1111,0,0,0,0,0,0,0,0,0,0
0.594,2.1201,0,0,0,0,0,0,0,0,0,0
0.595,2.1289,0,0,0,0,0,0,0,0,0,0
0.596,2.1374,0,0,0,0,0,0,0,0,0,0
0.597,2.1456,0,0,0,0,0,0,0,0,0,0
0.598,2.1535,0,0,0,0,0,0,0,0,0,0
0.599,2.1613,0,0,0,0,0,0,0,0,0,0
0.6,2.1685,0,0,0,0,0,0,0,0,0,0
0.601,2.1745,0,0,0,0,0,0,0,0,0,0
0.602,2.1803,0,0,0,0,0,0,0,0,0,0
0.603,2.1864,0,0,0,0,0,0,0,0,0,0
0.604,2.1924,0,0,0,0,0,0,0,0,0,0
0.605,2.1981,0,0,0,0,0,0,0,0,0,0
0.606,2.2036,0,0,0,0,0,0,0,0,0,0
0.607,2.2088,0,0,0,0,0,0,0,0,0,0
0.608,2.214,0,0,0,0,0,0,0,0,0,0
0.609,2.219,0,0,0,0,0,0,0,0,0,0
0.61,2.2237,0,0,0,0,0,0,0,0,0,0
0.611,2.2277,0,0,0,0,0,0,0,0,0,0
0.612,2.2315,0,0,0,0,0,0,0,0,0,0
0.613,2.2357,0,0,0,0,0,0,0,0,0,0
0.614,2.2399,0,0,0,0,0,0,0,0,0,0
0.615,2.2439,0,0,0,0,0,0,0,0,0,0
0.616,2.2477,0,0,0,0,0,0,0,0,0,0
0.617,2.2515,0,0,0,0,0,0,0,0,0,0
0.618,2.255,0,0,0,0,0,0,0,0,0,0
0.619,2.2579,0,0,0,0,0,0,0,0,0,0
0.62,2.2607,0,0,0,0,0,0,0,0,0,0
0.621,2.2638,0,0,0,0,0,0,0,0,0,0
0.622,2.2671,0,0,0,0,0,0,0,0,0,0
0.623,2.2704,0,0,0,0,0,0,0,0,0,0
0.624,2.2732,0,0,0,0,0,0,0,0,0,0
0.625,2.2756,0,0,0,0,0,0,0,0,0,0
0.626,2.2787,0,0,0,0,0,0,0,0,0,0
0.627,2.2821,0,0,0,0,0,0,0,0,0,0
0.628,2.2857,0,0,0,0,0,0,0,0,0,0
0.629,2.2892,0,0,0,0,0,0,0,0,0,0
0.63,2.2924,0,0,0,0,0,0,0,0,0,0
0.631,2.295,0,0,0,0,0,0,0,0,0,0
0.632,2.2975,0,0,0,0,0,0,0,0,0,0
0.633,2.3003,0,0,0,0,0,0,0,0,0,0
0.634,2.3033,0,0,0,0,0,0,0,0,0,0
0.635,2.3062,0,0,0,0,0,0,0,0,0,0
0.636,2.3087,0,0,0,0,0,0,0,0,0,0
0.637,2.3106,0,0,0,0,0,0,0,0,0,0
0.638,2.3125,0,0,0,0,0,0,0,0,0,0
0.639,2.3148,0,0,0,0,0,0,0,0,0,0
0.64,2.3169,0,0,0,0,0,0,0,0,0,0
0.641,2.3184,0,0,0,0,0,0,0,0,0,0
0.642,2.3197,0,0,0,0,0,0,0,0,0,0
0.643,2.3214,0,0,0,0,0,0,0,0,0,0
0.644,2.3232,0,0,0,0,0,0,0,0,0,0
0.645,2.3247,0,0,0,0,0,0,0,0,0,0
0.646,2.3261,0,0,0,0,0,0,0,0,0,0
0.647,2.3275,0,0,0,0,0,0,0,0,0,0
0.648,2.3285,0,0,0,0,0,0,0,0,0,0
0.649,2.3289,0,0,0,0,0,0,0,0,0,0
0.65,2.3291,0,0,0,0,0,0,0,0,0,0
0.651,2.3296,0,0,0,0,0,0,0,0,0,0
0.652,2.3302,0,0,0,0,0,0,0,0,0,0
0.653,2.3306,0,0,0,0,0,0,0,0,0,0
0.654,2.3306,0,0,0,0,0,0,0,0,0,0
0.655,2.33,0,0,0,0,0,0,0,0,0,0
0.656,2.3293,0,0,0,0,0,0,0,0,0,0
0.657,2.329,0,0,0,0,0,0,0,0,0,0
0.658,2.3286,0,0,0,0,0,0,0,0,0,0
0.659,2.3275,0,0,0,0,0,0,0,0,0,0
0.66,2.3263,0,0,0,0,0,0,0,0,0,0
0.661,2.3256,0,0,0,0,0,0,0,0,0,0
0.662,2.325,0,0,0,0,0,0,0,0,0,0
0.663,2.3242,0,0,0,0,0,0,0,0,0,0
0.664,2.3234,0,0,0,0,0,0,0,0,0,0
0.665,2.3226,0,0,0,0,0,0,0,0,0,0
0.666,2.3217,0,0,0,0,0,0,0,0,0,0
0.667,2.3202,0,0,0,0,0,0,0,0,0,0
0.668,2.3187,0,0,0,0,0,0,0,0,0,0
0.669,2.3177,0,0,0,0,0,0,0,0,0,0
0.67,2.317,0,0,0,0,0,0,0,0,0,0
0.671,2.3164,0,0,0,0,0,0,0,0,0,0
0.672,2.3155,0,0,0,0,0,0,0,0,0,0
0.673,2.3142,0,0,0,0,0,0,0,0,0,0
0.674,2.313,0,0,0,0,0,0,0,0,0,0
0.675,2.3124,0,0,0,0,0,0,0,0,0,0
0.676,2.3126,0,0,0,0,0,0,0,0,0,0
0.677,2.3128,0,0,0,0,0,0,0,0,0,0
0.678,2.313,0,0,0,0,0,0,0,0,0,0
0.679,2.3133,0,0,0,0,0,0,0,0,0,0
0.68,2.3136,0,0,0,0,0,0,0,0,0,0
0.681,2.3139,0,0,0,0,0,0,0,0,0,0
0.682,2.3143,0,0,0,0,0,0,0,0,0,0
0.683,2.3148,0,0,0,0,0,0,0,0,0,0
0.684,2.3152,0,0,0,0,0,0,0,0,0,0
0.685,2.315,0,0,0,0,0,0,0,0,0,0
0.686,2.3149,0,0,0,0,0,0,0,0,0,0
0.687,2.3152,0,0,0,0,0,0,0,0,0,0
0.688,2.3158,0,0,0,0,0,0,0,0,0,0
0.689,2.3164,0,0,0,0,0,0,0,0,0,0
0.69,2.3167,0,0,0,0,0,0,0,0,0,0
0.691,2.3165,0,0,0,0,0,0,0,0,0,0
0.692,2.3163,0,0,0,0,0,0,0,0,0,0
0.693,2.3166,0,0,0,0,0,0,0,0,0,0
0.694,2.317,0,0,0,0,0,0,0,0,0,0
0.695,2.3175,0,0,0,0,0,0,0,0,0,0
0.696,2.3176,0,0,0,0,0,0,0,0,0,0
0.697,2.3172,0,0,0,0,0,0,0,0,0,0
0.698,2.3168,0,0,0,0,0,0,0,0,0,0
0.699,2.3168,0,0,0,0,0,0,0,0,0,0
0.7,2.3169,0,0,0,0,0,0,0,0,0,0
0.701,2.3158,0,0,0,0,0,0,0,0,0,0
0.702,2.3146,0,0,0,0,0,0,0,0,0,0
0.703,2.314,0,0,0,0,0,0,0,0,0,0
0.704,2.3133,0,0,0,0,0,0,0,0,0,0
0.705,2.3121,0,0,0,0,0,0,0,0,0,0
0.706,2.3106,0,0,0,0,0,0,0,0,0,0
0.707,2.309,0,0,0,0,0,0,0,0,0,0
0.708,2.3077,0,0,0,0,0,0,0,0,0,0
0.709,2.3069,0,0,0,0,0,0,0,0,0,0
0.71,2.306,0,0,0,0,0,0,0,0,0,0
0.711,2.3045,0,0,0,0,0,0,0,0,0,0
0.712,2.303,0,0,0,0,0,0,0,0,0,0
0.713,2.3022,0,0,0,0,0,0,0,0,0,0
0.714,2.3013,0,0,0,0,0,0,0,0,0,0
0.715,2.2999,0,0,0,0,0,0,0,0,0,0
0.716,2.2986,0,0,0,0,0,0,0,0,0,0
0.717,2.2979,0,0,0,0,0,0,0,0,0,0
0.718,2.2973,0,0,0,0,0,0,0,0,0,0
0.719,2.2961,0,0,0,0,0,0,0,0,0,0
0.72,2.295,0,0,0,0,0,0,0,0,0,0
0.721,2.2946,0,0,0,0,0,0,0,0,0,0
0.722,2.2943,0,0,0,0,0,0,0,0,0,0
0.723,2.2935,0,0,0,0,0,0,0,0,0,0
0.724,2.2928,0.0001,0,0,0,0,0,0,0,0,0
0.725,2.2927,0.0001,0,0,0,0,0,0,0,0,0
0.726,2.2925,0.0002,0,0,0,0,0,0,0,0,0
0.727,2.2922,0.0002,0,0,0,0,0,0,0,0,0
0.728,2.2919,0.0004,0,0,0,0,0,0,0,0,0
0.729,2.2917,0.0006,0,0,0,0,0,0,0,0,0
0.73,2.2912,0.0009,0,0,0,0,0,0,0,0,0
0.731,2.2903,0.0013,0,0,0,0,0,0,0,0,0
0.732,2.2893,0.0019,0,0,0,0,0,0,0,0,0
0.733,2.2887,0.0028,0,0,0,0,0,0,0,0,0
0.734,2.2878,0.004,0,0,0,0,0,0,0,0,0
0.735,2.2861,0.0057,0,0,0,0,0,0,0,0,0
0.736,2.2838,0.008,0,0,0,0,0,0,0,0,0
0.737,2.2814,0.0112,0,0,0,0,0,0,0,0,0
0.738,2.2782,0.0154,0,0,0,0,0,0,0,0,0
0.739,2.2732,0.0209,0,0,0,0,0,0,0.0002,0,0
0.74,2.2666,0.0282,0,0,0,0,0,0,0.0007,0,0
0.741,2.2586,0.0376,0,0,0,0,0,0,0.0023,0,0
0.742,2.2485,0.0495,0,0,0,0,0,0,0.007,0,0
0.743,2.2356,0.0645,0,0,0,0,0,0,0.0187,0,0
0.744,2.2189,0.083,0,0,0,0,0,0,0.0451,0,0
0.745,2.1979,0.1058,0,0,0,0,0,0,0.0979,0,0
0.746,2.1724,0.1333,0,0,0,0,0,0,0.1921,0,0
0.747,2.1422,0.1662,0,0,0,0,0,0,0.3419,0,0
0.748,2.1064,0.2051,0,0,0,0,0,0,0.5544,0,0
0.749,2.0639,0.2503,0,0,0,0,0,0,0.8225,0,0
0.75,2.0147,0.3024,0,0,0,0,0,0,1.1241,0,0
0.751,1.9598,0.3619,0,0,0,0,0,0,1.4275,0,0
0.752,1.898,0.4288,0,0,0,0,0,0,1.6995,0,0
0.753,1.8292,0.5031,0,0,0,0,0,0,1.9174,0,0
0.754,1.7533,0.5846,0,0,0,0,0,0,2.0735,0,0
0.755,1.6705,0.6726,0,0,0,0,0,0,2.1738,0,0
0.756,1.5818,0.7669,0,0,0,0,0,0,2.2328,0,0
0.757,1.4884,0.8666,0,0,0,0,0,0,2.2657,0,0
0.758,1.3908,0.9708,0,0,0,0,0,0,2.284,0,0
0.759,1.2897,1.0778,0,0,0,0,0,0,2.2946,0,0
0.76,1.1868,1.1868,0,0,0,0,0,0,2.3023,0,0
0.761,1.0837,1.2968,0,0,0,0,0,0,2.3094,0,0
0.762,0.9814,1.406,0,0,0,0,0,0,2.3163,0,0
0.763,0.8809,1.5128,0,0,0,0,0,0,2.3224,0,0
0.764,0.7836,1.6163,0,0,0,0,0,0,2.3285,0,0
0.765,0.6909,1.7157,0,0,0,0,0,0,2.3349,0,0
0.766,0.6035,1.81,0,0,0,0,0,0,2.3416,0,0
0.767,0.5221,1.8982,0,0,0,0,0,0,2.3482,0,0
0.768,0.4472,1.9794,0,0,0,0,0,0,2.3543,0,0
0.769,0.3791,2.0531,0,0,0,0,0,0,2.3598,0,0
0.77,0.3182,2.1195,0,0,0,0,0,0,2.3651,0,0
0.771,0.2643,2.1792,0,0,0,0,0,0,2.3708,0,0
0.772,0.2173,2.2319,0,0,0,0,0,0,2.3762,0,0
0.773,0.1767,2.2771,0,0,0,0,0,0,2.3807,0,0
0.774,0.1421,2.316,0,0,0,0,0,0,2.3849,0,0
0.775,0.1131,2.3496,0,0,0,0,0,0,2.3894,0,0
0.776,0.0889,2.3768,0,0,0,0,0,0,2.3923,0,0
0.777,0.0692,2.3986,0,0,0,0,0,0,2.3943,0,0
0.778,0.0532,2.4163,0,0,0,0,0,0,2.3959,0,0
0.779,0.0404,2.4311,0,0,0,0,0,0,2.3979,0,0
0.78,0.0304,2.443,0,0,0,0,0,0,2.3997,0,0
0.781,0.0226,2.4518,0,0,0,0,0,0,2.4007,0,0
0.782,0.0166,2.4585,0,0,0,0,0,0,2.4014,0,0
0.783,0.0121,2.464,0,0,0,0,0,0,2.4023,0,0
0.784,0.0087,2.4686,0,0,0,0,0,0,2.4035,0,0
0.785,0.0061,2.4721,0,0,0,0,0,0,2.4045,0,0
0.786,0.0043,2.4745,0,0,0,0,0,0,2.405,0,0
0.787,0.003,2.4758,0,0,0,0,0,0,2.405,0,0
0.788,0.002,2.4767,0,0,0,0,0,0,2.4049,0,0
0.789,0.0014,2.4778,0,0,0,0,0,0,2.4054,0,0
0.79,0.0009,2.4787,0,0,0,0,0,0,2.4058,0,0
0.791,0.0006,2.4788,0,0,0,0,0,0,2.4056,0,0
0.792,0.0004,2.4788,0,0,0,0,0,0,2.4054,0,0
0.793,0.0003,2.4792,0,0,0,0,0,0,2.4056,0,0
0.794,0.0002,2.4799,0,0,0,0,0,0,2.4063,0,0
0.795,0.0001,2.4807,0,0,0,0,0,0,2.407,0,0
0.796,0.0001,2.4813,0,0,0,0,0,0,2.4074,0,0
0.797,0,2.4814,0,0,0,0,0,0,2.4075,0,0
0.798,0,2.4817,0,0,0,0,0,0,2.4078,0,0
0.799,0,2.4828,0,0,0,0,0,0,2.4089,0,0
0.8,0,2.484,0,0,0,0,0,0,2.41,0,0
0.801,0,2.4856,0,0,0,0,0,0,2.4116,0,0
0.802,0,2.4874,0,0,0,0,0,0,2.4133,0,0
0.803,0,2.4899,0,0,0,0,0,0,2.4157,0,0
0.804,0,2.4925,0,0,0,0,0,0,2.4183,0,0
0.805,0,2.4948,0,0,0,0,0,0,2.4205,0,0
0.806,0,2.4968,0,0,0,0,0,0,2.4224,0,0
0.807,0,2.4989,0,0,0,0,0,0,2.4245,0,0
0.808,0,2.5014,0,0,0,0,0,0,2.4269,0,0
0.809,0,2.5044,0,0,0,0,0,0,2.4298,0,0
0.81,0,2.5075,0,0,0,0,0,0,2.4328,0,0
0.811,0,2.5101,0,0,0,0,0,0,2.4354,0,0
0.812,0,2.5125,0,0,0,0,0,0,2.4377,0,0
0.813,0,2.5149,0,0,0,0,0,0,2.44,0,0
0.814,0,2.5177,0,0,0,0,0,0,2.4427,0,0
0.815,0,2.5209,0,0,0,0,0,0,2.4459,0,0
0.816,0,2.5242,0,0,0,0,0,0,2.449,0,0
0.817,0,2.5269,0,0,0,0,0,0,2.4517,0,0
0.818,0,2.5294,0,0,0,0,0,0,2.4541,0,0
0.819,0,2.5318,0,0,0,0,0,0,2.4564,0,0
0.82,0,2.5345,0,0,0,0,0,0,2.459,0,0
0.821,0,2.5377,0,0,0,0,0,0,2.4621,0,0
0.822,0,2.5408,0,0,0,0,0,0,2.4651,0,0
0.823,0,2.5432,0,0,0,0,0,0,2.4675,0,0
0.824,0,2.5455,0,0,0,0,0,0,2.4698,0,0
0.825,0,2.5484,0,0,0,0,0,0,2.4726,0,0
0.826,0,2.5508,0,0,0,0,0,0,2.4749,0,0
0.827,0,2.5525,0,0,0,0,0,0,2.4765,0,0
0.828,0,2.5539,0,0,0,0,0,0,2.4779,0,0
0.829,0,2.5554,0,0,0,0,0,0,2.4793,0,0
0.83,0,2.5569,0,0,0,0,0,0,2.4807,0,0
0.831,0,2.5583,0,0,0,0,0,0,2.4821,0,0
0.832,0,2.5597,0,0,0,0,0,0,2.4835,0,0
0.833,0,2.561,0,0,0,0,0,0,2.4848,0,0
0.834,0,2.5624,0,0,0,0,0,0,2.4861,0,0
0.835,0,2.5638,0,0,0,0,0,0,2.4874,0,0
0.836,0,2.5651,0,0,0,0,0,0,2.4887,0,0
0.837,0,2.5663,0,0,0,0,0,0,2.4899,0,0
0.838,0,2.5679,0,0,0,0,0,0,2.4914,0,0
0.839,0,2.5699,0,0,0,0,0,0,2.4934,0,0
0.84,0,2.5721,0,0,0,0,0,0,2.4955,0,0
0.841,0,2.5737,0,0,0,0,0,0,2.4971,0,0
0.842,0,2.5751,0,0,0,0,0,0,2.4985,0,0
0.843,0,2.5766,0,0,0,0,0,0,2.4999,0,0
0.844,0,2.5784,0,0,0,0,0,0,2.5017,0,0
0.845,0,2.5809,0,0,0,0,0,0,2.5041,0,0
0.846,0,2.5834,0,0,0,0,0,0,2.5065,0,0
0.847,0,2.5854,0,0,0,0,0,0,2.5084,0,0
0.848,0,2.5874,0,0,0,0,0,0,2.5104,0,0
0.849,0,2.5901,0,0,0,0,0,0,2.513,0,0
0.85,0,2.5932,0,0,0,0,0,0,2.516,0,0
0.851,0,2.5966,0,0,0,0,0,0,2.5193,0,0
0.852,0,2.6,0,0,0,0,0,0,2.5226,0,0
0.853,0,2.6037,0,0,0,0,0,0,2.5262,0,0
0.854,0,2.6073,0,0,0,0,0,0,2.5296,0,0
0.855,0,2.6103,0,0,0,0,0,0,2.5326,0,0
0.856,0,2.6136,0,0,0,0,0,0,2.5357,0,0
0.857,0,2.6175,0,0,0,0,0,0,2.5396,0,0
0.858,0,2.6215,0,0,0,0,0,0,2.5435,0,0
0.859,0,2.625,0,0,0,0,0,0,2.5468,0,0
0.86,0,2.6284,0,0,0,0,0,0,2.5501,0,0
0.861,0,2.6324,0,0,0,0,0,0,2.554,0,0
0.862,0,2.6368,0,0,0,0,0,0,2.5583,0,0
0.863,0,2.6412,0,0,0,0,0,0,2.5626,0,0
0.864,0,2.6454,0,0,0,0,0,0,2.5666,0,0
0.865,0,2.6491,0,0,0,0,0,0,2.5703,0,0
0.866,0,2.6527,0,0,0,0,0,0,2.5737,0,0
0.867,0,2.6564,0,0,0,0,0,0,2.5773,0,0
0.868,0,2.6601,0,0,0,0,0,0,2.5809,0,0
0.869,0,2.6636,0,0,0,0,0,0,2.5843,0,0
0.87,0,2.6675,0,0,0,0,0,0,2.588,0,0
0.871,0,2.6718,0,0,0,0,0,0,2.5923,0,0
0.872,0,2.6761,0,0,0,0,0,0,2.5964,0,0
0.873,0,2.6797,0,0,0,0,0,0,2.6,0,0
0.874,0,2.6833,0,0,0,0,0,0,2.6034,0,0
0.875,0,2.6873,0,0,0,0,0,0,2.6073,0,0
0.876,0,2.6916,0,0,0,0,0,0,2.6115,0,0
0.877,0,2.6959,0,0,0,0,0,0,2.6157,0,0
0.878,0,2.6999,0,0,0,0,0,0,2.6195,0,0
0.879,0,2.7033,0,0,0,0,0,0,2.6228,0,0
0.88,0,2.7067,0,0,0,0,0,0,2.6261,0,0
0.881,0,2.7109,0,0,0,0,0,0,2.6301,0,0
0.882,0,2.7149,0,0,0,0,0,0,2.6341,0,0
0.883,0,2.7183,0.0001,0,0,0,0.0001,0,2.6373,0,0
0.884,0,2.7216,0.0001,0,0,0,0.0001,0,2.6406,0,0
0.885,0,2.7256,0.0001,0,0,0,0.0001,0,2.6444,0,0
0.886,0,2.7296,0.0002,0,0,0,0.0002,0,2.6483,0,0
0.887,0,2.7328,0.0003,0,0,0,0.0003,0,2.6514,0,0
0.888,0,2.7359,0.0004,0,0,0,0.0004,0,2.6545,0,0
0.889,0,2.7397,0.0006,0,0,0,0.0006,0,2.6581,0,0
0.89,0,2.7435,0.0009,0,0,0,0.0009,0,2.6618,0,0
0.891,0,2.7467,0.0012,0,0,0,0.0012,0,2.6649,0,0
0.892,0,2.7494,0.0017,0,0,0,0.0017,0,2.6676,0,0
0.893,0,2.7521,0.0024,0,0,0,0.0024,0,2.6702,0,0
0.894,0,2.7551,0.0033,0,0,0,0.0033,0,2.673,0,0
0.895,0,2.7585,0.0044,0,0,0,0.0044,0,2.6763,0,0
0.896,0,2.7618,0.0059,0,0,0,0.0059,0,2.6796,0,0
0.897,0,2.7645,0.0079,0,0,0,0.0079,0,2.6822,0,0
0.898,0,2.7668,0.0104,0,0,0,0.0104,0,2.6844,0,0
0.899,0,2.769,0.0137,0,0,0,0.0137,0,2.6865,0,0
0.9,0,2.7714,0.0178,0,0,0,0.0178,0,2.6889,0,0
0.901,0,2.7745,0.023,0,0,0,0.023,0,2.6919,0,0
0.902,0,2.7775,0.0295,0,0,0,0.0295,0,2.6948,0,0
0.903,0,2.7797,0.0375,0,0,0,0.0375,0,2.6969,0,0
0.904,0,2.7818,0.0474,0,0,0,0.0474,0,2.699,0,0
0.905,0,2.7844,0.0594,0,0,0,0.0594,0,2.7015,0,0
0.906,0,2.7872,0.0738,0,0,0,0.0738,0,2.7042,0,0
0.907,0,2.79,0.0912,0,0,0,0.0912,0,2.7069,0,0
0.908,0,2.7923,0.1117,0,0,0,0.1117,0,2.7092,0,0
0.909,0,2.794,0.1358,0,0,0,0.1358,0,2.7108,0,0
0.91,0,2.7957,0.1639,0,0,0,0.1639,0,2.7124,0,0
0.911,0,2.7977,0.1964,0,0,0,0.1964,0,2.7144,0,0
0.912,0,2.8001,0.2337,0,0,0,0.2337,0,2.7167,0,0
0.913,0,2.8023,0.2761,0,0,0,0.2761,0,2.7189,0,0
0.914,0,2.8042,0.3238,0,0,0,0.3238,0,2.7207,0,0
0.915,0,2.8053,0.3771,0,0,0,0.3771,0,2.7218,0,0
0.916,0,2.8064,0.4361,0,0,0,0.4361,0,2.7229,0,0
0.917,0,2.808,0.501,0,0,0,0.501,0,2.7243,0,0
0.918,0,2.8098,0.5717,0,0,0,0.5717,0,2.7261,0,0
0.919,0,2.8115,0.6481,0,0,0,0.6481,0,2.7278,0,0
0.92,0,2.8127,0.7298,0,0,0,0.7298,0,2.729,0,0
0.921,0,2.8133,0.8163,0,0,0,0.8163,0,2.7295,0,0
0.922,0,2.8138,0.9075,0,0,0,0.9075,0,2.7301,0,0
0.923,0,2.815,1.0028,0,0,0,1.0028,0,2.7312,0,0
0.924,0,2.816,1.1014,0,0,0,1.1014,0,2.7322,0,0
0.925,0,2.8162,1.2022,0,0,0,1.2022,0,2.7324,0,0
0.926,0,2.8165,1.3049,0,0,0,1.3049,0,2.7327,0,0
0.927,0,2.8174,1.4087,0,0,0,1.4087,0,2.7335,0,0
0.928,0,2.8181,1.5125,0,0,0,1.5125,0,2.7342,0,0
0.929,0,2.8181,1.6151,0,0,0,1.6151,0,2.7342,0,0
0.93,0,2.8178,1.7158,0,0,0,1.7158,0,2.734,0,0
0.931,0,2.8181,1.8143,0,0,0,1.8143,0,2.7342,0,0
0.932,0,2.8186,1.9097,0,0,0,1.9097,0,2.7348,0,0
0.933,0,2.819,2.0011,0,0,0,2.0011,0,2.7352,0,0
0.934,0,2.8189,2.0877,0,0,0,2.0877,0,2.7352,0,0
0.935,0,2.8184,2.169,0,0,0,2.169,0,2.7348,0,0
0.936,0,2.8174,2.2446,0,0,0,2.2446,0,2.734,0,0
0.937,0,2.8164,2.3144,0,0,0,2.3144,0,2.7331,0,0
0.938,0,2.8154,2.3787,0,0,0,2.3787,0,2.7325,0,0
0.939,0,2.8148,2.4375,0,0,0,2.4375,0,2.7322,0,0
0.94,0,2.8143,2.4908,0,0,0,2.4908,0,2.7322,0,0
0.941,0,2.8137,2.5385,0,0,0,2.5385,0,2.7321,0,0
0.942,0,2.8124,2.5805,0,0,0,2.5805,0,2.7317,0,0
0.943,0,2.8103,2.6169,0,0,0,2.6169,0,2.7306,0,0
0.944,0,2.8079,2.6485,0,0,0,2.6485,0,2.7296,0,0
0.945,0,2.8058,2.6763,0,0,0,2.6763,0,2.7293,0,0
0.946,0,2.8032,2.7002,0,0,0,2.7002,0,2.7289,0,0
0.947,0,2.7993,2.7197,0,0,0,2.7197,0,2.7278,0,0
0.948,0,2.7946,2.7359,0,0,0,2.7359,0,2.7267,0,0
0.949,0,2.7896,2.7498,0,0,0,2.7498,0,2.7261,0,0
0.95,0,2.7839,2.7617,0,0,0,2.7617,0,2.7258,0,0
0.951,0,2.7772,2.7716,0,0,0,2.7716,0,2.7259,0,0
0.952,0,2.7687,2.7794,0,0,0,2.7794,0,2.7256,0,0
0.953,0,2.7579,2.785,0,0,0,2.785,0,2.7247,0,0
0.954,0,2.7452,2.7894,0,0,0,2.7894,0,2.7238,0,0
0.955,0,2.7306,2.7932,0,0,0,2.7932,0,2.7235,0,0
0.956,0,2.7138,2.7964,0,0,0,2.7964,0,2.7234,0,0
0.957,0,2.694,2.7987,0,0,0,2.7987,0,2.7232,0,0
0.958,0,2.6708,2.8004,0,0,0,2.8004,0,2.7229,0,0
0.959,0,2.644,2.8016,0,0,0,2.8016,0,2.7225,0,0
0.96,0,2.6134,2.8025,0,0,0,2.8025,0,2.7223,0,0
0.961,0,2.5786,2.8033,0,0,0,2.8033,0,2.7221,0,0
0.962,0,2.5391,2.8034,0,0,0,2.8034,0,2.7217,0,0
0.963,0,2.4944,2.8029,0,0,0,2.8029,0,2.7207,0,0
0.964,0,2.4447,2.8022,0,0,0,2.8022,0,2.7196,0,0
0.965,0,2.3904,2.8019,0,0,0,2.8019,0,2.7191,0,0
0.966,0,2.3313,2.8019,0,0,0,2.8019,0,2.7189,0,0
0.967,0,2.2669,2.8017,0,0,0,2.8017,0,2.7186,0,0
0.968,0,2.1973,2.8013,0,0,0,2.8013,0,2.7181,0,0
0.969,0,2.1228,2.8009,0,0,0,2.8009,0,2.7177,0,0
0.97,0,2.0438,2.8006,0,0,0,2.8006,0,2.7173,0,0
0.971,0,1.9605,2.8004,0,0,0,2.8004,0,2.7171,0,0
0.972,0,1.8731,2.7998,0,0,0,2.7998,0,2.7165,0,0
0.973,0,1.782,2.7987,0,0,0,2.7987,0,2.7154,0,0
0.974,0,1.6882,2.7975,0,0,0,2.7975,0,2.7143,0,0
0.975,0,1.5926,2.797,0,0,0,2.797,0,2.7137,0,0
0.976,0,1.4957,2.7966,0,0,0,2.7966,0,2.7134,0,0
0.977,0,1.3981,2.7962,0,0,0,2.7962,0,2.7129,0,0
0.978,0,1.3005,2.7957,0,0,0,2.7957,0,2.7125,0,0
0.979,0,1.2037,2.7954,0,0,0,2.7954,0,2.7122,0,0
0.98,0,1.1083,2.7948,0,0,0,2.7948,0,2.7116,0,0
0.981,0,1.0148,2.7936,0,0,0,2.7936,0,2.7104,0,0
0.982,0,0.9243,2.7924,0,0,0,2.7924,0,2.7093,0,0
0.983,0,0.8374,2.7918,0,0,0,2.7918,0,2.7086,0,0
0.984,0,0.7544,2.7915,0,0,0,2.7915,0,2.7084,0,0
0.985,0,0.6759,2.7912,0,0,0,2.7912,0,2.7081,0,0
0.986,0,0.6019,2.7905,0,0,0,2.7905,0,2.7074,0,0
0.987,0,0.5327,2.7893,0,0,0,2.7893,0,2.7063,0,0
0.988,0,0.4687,2.7882,0,0,0,2.7882,0,2.7051,0.0001,0
0.989,0,0.4099,2.7876,0,0,0,2.7876,0,2.7046,0.0003,0
0.99,0,0.3564,2.7872,0,0,0,2.7872,0,2.7042,0.0008,0
0.991,0,0.3079,2.7868,0,0,0,2.7868,0,2.7038,0.0024,0
0.992,0,0.2643,2.7863,0,0,0,2.7863,0,2.7034,0.0063,0
0.993,0,0.2254,2.7859,0,0,0,2.7859,0,2.7029,0.0152,0.0001
0.994,0,0.1911,2.7854,0,0,0,2.7854,0,2.7025,0.0334,0.0001
0.995,0,0.1609,2.785,0,0,0,2.785,0,2.7021,0.0672,0.0002
0.996,0,0.1346,2.7846,0,0,0,2.7846,0,2.7017,0.1238,0.0004
0.997,0,0.1119,2.7843,0,0,0,2.7843,0,2.7014,0.2096,0.0007
0.998,0,0.0924,2.7838,0,0,0,2.7838,0,2.7009,0.3268,0.0011
0.999,0,0.0757,2.7827,0,0,0,2.7827,0,2.6998,0.4715,0.0016
1,0,0.0617,2.7816,0,0,0,2.7816,0,2.6987,0.6332,0.0021
1.001,0,0.0499,2.7811,0,0,0,2.7811,0,2.6983,0.7969,0.0027
1.002,0,0.0401,2.7809,0,0,0,2.7809,0,2.6981,0.9469,0.0031
1.003,0,0.032,2.7806,0,0,0,2.7806,0,2.6978,1.0716,0.0035
1.004,0,0.0254,2.7802,0,0,0,2.7802,0,2.6975,1.1661,0.0037
1.005,0,0.02,2.7799,0,0,0,2.7799,0,2.6971,1.2319,0.0039
1.006,0,0.0156,2.7796,0,0,0,2.7796,0,2.6968,1.2746,0.004
1.007,0,0.0121,2.7793,0,0,0,2.7793,0,2.6965,1.3012,0.004
1.008,0,0.0093,2.779,0,0,0,2.779,0,2.6962,1.318,0.004
1.009,0,0.0071,2.7787,0,0,0,2.7787,0,2.6959,1.3296,0.004
1.01,0,0.0054,2.7784,0,0,0,2.7784,0,2.6957,1.3385,0.004
1.011,0,0.0041,2.7781,0,0,0,2.7781,0,2.6954,1.3464,0.0039
1.012,0,0.0031,2.7778,0,0,0,2.7778,0,2.6951,1.3539,0.0039
1.013,0,0.0023,2.7775,0,0,0,2.7775,0,2.6948,1.3612,0.0039
1.014,0,0.0017,2.7772,0,0,0,2.7772,0,2.6945,1.3684,0.0039
1.015,0,0.0012,2.777,0,0,0,2.777,0,2.6943,1.3756,0.0038
1.016,0,0.0009,2.7767,0,0,0,2.7767,0,2.694,1.3828,0.0038
1.017,0,0.0007,2.7764,0,0,0,2.7764,0,2.6938,1.39,0.0038
1.018,0,0.0005,2.7762,0,0,0,2.7762,0,2.6935,1.3972,0.0037
1.019,0,0.0003,2.7759,0,0,0,2.7759,0,2.6933,1.4044,0.0037
1.02,0,0.0002,2.7757,0,0,0,2.7757,0,2.693,1.4115,0.0037
1.021,0,0.0002,2.7754,0,0,0,2.7754,0,2.6928,1.4187,0.0036
1.022,0,0.0001,2.7752,0,0,0,2.7752,0,2.6925,1.4258,0.0036
1.023,0,0.0001,2.7749,0,0,0,2.7749,0,2.6923,1.4329,0.0036
1.024,0,0.0001,2.7747,0,0,0,2.7747,0,2.6921,1.4401,0.0035
1.025,0,0,2.7745,0,0,0,2.7745,0,2.6919,1.4472,0.0035
1.026,0,0,2.7743,0,0,0,2.7743,0,2.6917,1.4543,0.0035
1.027,0,0,2.7741,0,0,0,2.7741,0,2.6915,1.4613,0.0035
1.028,0,0,2.7739,0,0,0,2.7739,0,2.6913,1.4684,0.0034
1.029,0,0,2.7736,0,0,0,2.7736,0,2.6911,1.4754,0.0034
1.03,0,0,2.7735,0,0,0,2.7735,0,2.6909,1.4825,0.0034
1.031,0,0,2.7734,0,0,0,2.7734,0,2.6909,1.4896,0.0033
1.032,0,0,2.7731,0,0,0,2.7731,0,2.6906,1.4966,0.0033
1.033,0,0,2.7723,0,0,0,2.7723,0,2.6897,1.5032,0.0033
1.034,0,0,2.7714,0,0,0,2.7714,0,2.6889,1.5098,0.0032
1.035,0,0,2.7711,0,0,0,2.7711,0,2.6886,1.5167,0.0032
1.036,0,0,2.7711,0,0,0,2.7711,0,2.6886,1.5237,0.0032
1.037,0,0,2.771,0,0,0,2.771,0,2.6885,1.5307,0.0031
1.038,0,0,2.7708,0,0,0,2.7708,0,2.6883,1.5376,0.0031
1.039,0,0,2.7707,0,0,0,2.7707,0,2.6882,1.5446,0.0031
1.04,0,0,2.7706,0,0,0,2.7706,0,2.6881,1.5515,0.0031
1.041,0,0,2.7705,0,0,0,2.7705,0,2.688,1.5584,0.003
1.042,0,0,2.7704,0,0,0,2.7704,0,2.6879,1.5653,0.003
1.043,0,0,2.7703,0,0,0,2.7703,0,2.6878,1.5721,0.003
1.044,0,0,2.7702,0,0,0,2.7702,0,2.6877,1.579,0.0029
1.045,0,0,2.7701,0,0,0,2.7701,0,2.6876,1.5859,0.0029
1.046,0,0,2.7701,0,0,0,2.7701,0,2.6876,1.5927,0.0029
1.047,0,0,2.77,0,0,0,2.77,0,2.6875,1.5995,0.0028
1.048,0,0,2.77,0,0,0,2.77,0,2.6875,1.6063,0.0028
1.049,0,0,2.7699,0,0,0,2.7699,0,2.6874,1.6131,0.0028
1.05,0,0,2.7699,0,0,0,2.7699,0,2.6874,1.6199,0.0028
1.051,0,0,2.7699,0,0,0,2.7699,0,2.6874,1.6267,0.0027
1.052,0,0,2.7699,0,0,0,2.7699,0,2.6874,1.6334,0.0027
1.053,0,0,2.7699,0,0,0,2.7699,0,2.6874,1.6402,0.0027
1.054,0,0,2.7699,0,0,0,2.7699,0,2.6875,1.6469,0.0026
1.055,0,0,2.77,0,0,0,2.77,0,2.6875,1.6536,0.0026
1.056,0,0,2.77,0,0,0,2.77,0,2.6875,1.6603,0.0026
1.057,0,0,2.7701,0,0,0,2.7701,0,2.6876,1.667,0.0026
1.058,0,0,2.7701,0,0,0,2.7701,0,2.6877,1.6737,0.0025
1.059,0,0,2.7702,0,0,0,2.7702,0,2.6877,1.6804,0.0025
1.06,0,0,2.7703,0,0,0,2.7703,0,2.6878,1.687,0.0025
1.061,0,0,2.7704,0,0,0,2.7704,0,2.6879,1.6936,0.0024
1.062,0,0,2.7705,0,0,0,2.7705,0,2.688,1.7002,0.0024
1.063,0,0,2.7706,0,0,0,2.7706,0,2.6881,1.7068,0.0024
1.064,0,0,2.7707,0,0,0,2.7707,0,2.6882,1.7134,0.0024
1.065,0,0,2.7708,0,0,0,2.7708,0,2.6883,1.72,0.0023
1.066,0,0,2.771,0,0,0,2.771,0,2.6885,1.7265,0.0023
1.067,0,0,2.7711,0,0,0,2.7711,0,2.6886,1.733,0.0023
1.068,0,0,2.7712,0,0,0,2.7712,0,2.6887,1.7395,0.0022
1.069,0,0,2.7714,0,0,0,2.7714,0,2.6889,1.746,0.0022
1.07,0,0,2.7715,0,0,0,2.7715,0,2.689,1.7525,0.0022
1.071,0,0,2.7717,0,0,0,2.7717,0,2.6891,1.759,0.0022
1.072,0,0,2.7718,0,0,0,2.7718,0,2.6893,1.7654,0.0021
1.073,0,0,2.772,0,0,0,2.772,0,2.6894,1.7718,0.0021
1.074,0,0,2.7721,0,0,0,2.7721,0,2.6896,1.7782,0.0021
1.075,0,0,2.7723,0,0,0,2.7723,0,2.6898,1.7846,0.0021
1.076,0,0,2.7725,0,0,0,2.7725,0,2.6899,1.7909,0.002
1.077,0,0,2.7726,0.0001,0,0,2.7726,0,2.6901,1.7972,0.002
1.078,0,0,2.7728,0.0001,0,0,2.7728,0,2.6903,1.8035,0.002
1.079,0,0,2.773,0.0001,0,0,2.773,0,2.6905,1.8098,0.0019
1.08,0,0,2.7732,0.0002,0,0,2.7732,0,2.6906,1.8161,0.0019
1.081,0,0,2.7732,0.0002,0,0,2.7732,0,2.6906,1.8222,0.0019
1.082,0,0,2.7735,0.0003,0,0,2.7735,0,2.6909,1.8285,0.0019
1.083,0,0,2.7744,0.0004,0,0,2.7744,0,2.6918,1.8352,0.0018
1.084,0,0,2.7753,0.0005,0,0,2.7753,0,2.6927,1.8418,0.0018
1.085,0,0,2.7756,0.0007,0,0,2.7756,0,2.693,1.8481,0.0018
1.086,0,0,2.7756,0.0009,0,0,2.7756,0,2.693,1.8541,0.0018
1.087,0,0,2.7758,0.0012,0,0,2.7758,0,2.6931,1.8601,0.0017
1.088,0,0,2.776,0.0016,0,0,2.776,0,2.6933,1.8662,0.0017
1.089,0,0,2.7762,0.0021,0,0,2.7762,0,2.6935,1.8723,0.0017
1.09,0,0,2.7763,0.0027,0,0,2.7763,0,2.6937,1.8783,0.0017
1.091,0,0,2.7765,0.0035,0,0,2.7765,0,2.6938,1.8843,0.0017
1.092,0,0,2.7766,0.0045,0,0,2.7766,0,2.694,1.8902,0.0016
1.093,0,0,2.7768,0.0057,0,0,2.7768,0,2.6941,1.8962,0.0016
1.094,0,0,2.7769,0.0072,0,0,2.7769,0,2.6943,1.9021,0.0016
1.095,0,0,2.7771,0.0091,0,0,2.7771,0,2.6944,1.908,0.0016
1.096,0,0,2.7772,0.0114,0,0,2.7772,0,2.6945,1.9138,0.0015
1.097,0,0,2.7772,0.0142,0,0,2.7772,0,2.6945,1.9195,0.0015
1.098,0,0,2.7775,0.0176,0,0,2.7775,0,2.6948,1.9254,0.0015
1.099,0,0,2.7785,0.0218,0,0,2.7785,0,2.6958,1.9317,0.0015
1.1,0,0,2.7792,0.0267,0,0,2.7792,0,2.6964,1.9379,0.0014
1.101,0,0,2.7786,0.0326,0,0,2.7786,0,2.6959,1.9431,0.0014
1.102,0,0,2.7778,0.0396,0,0,2.7778,0,2.6951,1.9481,0.0014
1.103,0,0,2.7776,0.0479,0,0,2.7776,0,2.6949,1.9536,0.0014
1.104,0,0,2.7778,0.0575,0,0,2.7778,0,2.6951,1.9592,0.0014
1.105,0,0,2.7778,0.0689,0,0,2.7778,0,2.6951,1.9648,0.0013
1.106,0,0,2.7778,0.082,0,0,2.7778,0,2.6951,1.9702,0.0013
1.107,0,0,2.7778,0.0971,0,0,2.7778,0,2.6951,1.9757,0.0013
1.108,0,0,2.7778,0.1144,0,0,2.7778,0,2.6951,1.9811,0.0013
1.109,0,0,2.7776,0.1342,0,0,2.7776,0,2.6949,1.9864,0.0012
1.11,0,0,2.7778,0.1566,0,0,2.7778,0,2.6951,1.9918,0.0012
1.111,0,0,2.7785,0.1819,0,0,2.7785,0,2.6957,1.9977,0.0012
1.112,0,0,2.7791,0.2102,0,0,2.7791,0,2.6964,2.0035,0.0012
1.113,0,0,2.7792,0.2418,0,0,2.7792,0,2.6965,2.0089,0.0012
1.114,0,0,2.7791,0.2768,0,0,2.7791,0,2.6963,2.014,0.0012
1.115,0,0,2.7791,0.3153,0,0,2.7791,0,2.6963,2.0192,0.0011
1.116,0,0,2.779,0.3575,0,0,2.779,0,2.6963,2.0244,0.0011
1.117,0,0,2.7789,0.4034,0,0,2.7789,0,2.6961,2.0295,0.0011
1.118,0,0,2.779,0.4532,0,0,2.779,0,2.6962,2.0347,0.0011
1.119,0,0,2.7796,0.507,0,0,2.7796,0,2.6969,2.0403,0.0011
1.12,0,0,2.7803,0.5645,0,0,2.7803,0,2.6975,2.0459,0.001
1.121,0,0,2.7804,0.6257,0,0,2.7804,0,2.6976,2.0511,0.001
1.122,0,0,2.7803,0.6905,0,0,2.7803,0,2.6975,2.056,0.001
1.123,0,0,2.7802,0.7586,0,0,2.7802,0,2.6974,2.061,0.001
1.124,0,0,2.7802,0.8299,0,0,2.7802,0,2.6974,2.066,0.001
1.125,0,0,2.78,0.9041,0,0,2.78,0,2.6973,2.0708,0.0009
1.126,0,0,2.7801,0.981,0,0,2.7801,0,2.6974,2.0758,0.0009
1.127,0,0,2.7808,1.0603,0,0,2.7808,0,2.698,2.0812,0.0009
1.128,0,0,2.7815,1.1415,0,0,2.7815,0,2.6987,2.0866,0.0009
1.129,0,0,2.7816,1.2238,0,0,2.7816,0,2.6988,2.0916,0.0009
1.13,0,0,2.7815,1.307,0,0,2.7815,0,2.6987,2.0963,0.0009
1.131,0,0,2.7815,1.3907,0,0,2.7815,0,2.6987,2.101,0.0008
1.132,0,0,2.7814,1.4745,0,0,2.7815,0,2.6987,2.1058,0.0008
1.133,0,0,2.7813,1.5576,0,0,2.7813,0,2.6985,2.1104,0.0008
1.134,0,0,2.7814,1.64,0,0,2.7815,0,2.6986,2.1152,0.0008
1.135,0,0,2.7821,1.7214,0,0,2.7822,0,2.6993,2.1205,0.0008
1.136,0,0,2.7828,1.8009,0,0,2.7829,0,2.7,2.1257,0.0008
1.137,0,0,2.783,1.878,0,0,2.7831,0,2.7002,2.1304,0.0008
1.138,0,0,2.7828,1.9522,0,0,2.7829,0,2.7001,2.1349,0.0007
1.139,0,0,2.7827,2.0236,0,0,2.7829,0,2.7001,2.1394,0.0007
1.14,0,0,2.7827,2.0919,0,0,2.783,0,2.7001,2.144,0.0007
1.141,0,0,2.7827,2.1567,0,0,2.7831,0,2.7002,2.1486,0.0007
1.142,0,0,2.7826,2.218,0,0,2.7831,0,2.7002,2.1531,0.0007
1.143,0,0,2.7825,2.2755,0,0,2.7831,0,2.7003,2.1576,0.0007
1.144,0,0,2.7824,2.3293,0,0,2.7832,0,2.7003,2.162,0.0007
1.145,0,0,2.7823,2.3792,0,0,2.7833,0,2.7004,2.1665,0.0006
1.146,0,0,2.782,2.4253,0,0,2.7833,0,2.7005,2.1709,0.0006
1.147,0,0,2.7815,2.4675,0,0,2.7833,0,2.7004,2.1752,0.0006
1.148,0,0,2.7813,2.5063,0,0,2.7835,0,2.7006,2.1797,0.0006
1.149,0,0,2.7815,2.5421,0,0,2.7843,0,2.7014,2.1846,0.0006
1.15,0,0,2.7815,2.5745,0,0,2.7852,0,2.7022,2.1895,0.0006
1.151,0,0,2.7809,2.6031,0,0,2.7855,0,2.7025,2.1939,0.0006
1.152,0,0,2.7797,2.6285,0,0,2.7855,0,2.7025,2.1981,0.0005
1.153,0,0,2.7784,2.6511,0,0,2.7856,0,2.7027,2.2024,0.0005
1.154,0,0,2.7768,2.6711,0,0,2.7858,0,2.7029,2.2067,0.0005
1.155,0,0,2.7748,2.6886,0,0,2.786,0,2.7031,2.211,0.0005
1.156,0,0,2.7724,2.704,0,0,2.7862,0,2.7032,2.2152,0.0005
1.157,0,0,2.7695,2.7174,0,0,2.7864,0,2.7035,2.2194,0.0005
1.158,0,0,2.7659,2.7289,0,0,2.7866,0,2.7036,2.2236,0.0005
1.159,0,0,2.7615,2.7387,0,0,2.7867,0,2.7037,2.2276,0.0005
1.16,0,0,2.7566,2.7473,0,0,2.787,0,2.7041,2.2319,0.0005
1.161,0,0,2.7513,2.7553,0,0,2.788,0,2.705,2.2365,0.0004
1.162,0,0,2.7449,2.7621,0,0,2.7889,0,2.7059,2.2412,0.0004
1.163,0,0,2.7367,2.7675,0,0,2.7893,0,2.7063,2.2454,0.0004
1.164,0,0,2.7269,2.7717,0,0,2.7894,0,2.7064,2.2493,0.0004
1.165,0,0,2.7157,2.7753,0,0,2.7896,0,2.7066,2.2533,0.0004
1.166,0,0,2.7028,2.7785,0,0,2.7899,0,2.7068,2.2573,0.0004
1.167,0,0,2.6881,2.7811,0,0,2.7902,0,2.7072,2.2613,0.0004
1.168,0,0,2.6712,2.7832,0,0,2.7904,0,2.7074,2.2652,0.0004
1.169,0,0,2.652,2.7848,0,0,2.7906,0,2.7075,2.2691,0.0004
1.17,0,0,2.6306,2.7865,0,0,2.791,0,2.7079,2.2731,0.0004
1.171,0,0,2.6072,2.7885,0,0,2.792,0,2.7089,2.2775,0.0004
1.172,0,0,2.581,2.7903,0,0,2.793,0,2.7098,2.282,0.0003
1.173,0,0,2.5513,2.7913,0,0,2.7934,0,2.7103,2.2859,0.0003
1.174,0,0,2.5183,2.792,0,0,2.7936,0,2.7104,2.2896,0.0003
1.175,0,0,2.4822,2.7926,0,0,2.7939,0,2.7107,2.2934,0.0003
1.176,0,0,2.4427,2.7932,0,0,2.7942,0,2.711,2.2971,0.0003
1.177,0,0,2.3998,2.7936,0,0,2.7944,0,2.7112,2.3007,0.0003
1.178,0,0,2.3536,2.7943,0,0,2.7948,0,2.7116,2.3046,0.0003
1.179,0,0,2.3044,2.7954,0,0,2.7958,0,2.7126,2.3088,0.0003
1.18,0,0,2.2517,2.7966,0,0,2.7969,0,2.7136,2.3131,0.0003
1.181,0,0,2.1951,2.7971,0,0,2.7973,0,2.714,2.3168,0.0003
1.182,0,0,2.135,2.7974,0,0,2.7975,0,2.7142,2.3203,0.0003
1.183,0,0,2.0718,2.7977,0,0,2.7978,0,2.7145,2.3239,0.0003
1.184,0,0,2.0056,2.7981,0,0,2.7982,0,2.7149,2.3274,0.0002
1.185,0,0,1.9366,2.7983,0,0,2.7984,0,2.715,2.3308,0.0002
1.186,0,0,1.8651,2.7988,0,0,2.7988,0,2.7155,2.3344,0.0002
1.187,0,0,1.7917,2.7998,0,0,2.7999,0,2.7165,2.3385,0.0002
1.188,0,0,1.7164,2.8009,0,0,2.8009,0,2.7175,2.3425,0.0002
1.189,0,0,1.6392,2.8014,0,0,2.8015,0,2.718,2.3461,0.0002
1.19,0,0,1.5604,2.8016,0,0,2.8016,0,2.7182,2.3494,0.0002
1.191,0,0,1.4809,2.8018,0,0,2.8018,0,2.7183,2.3526,0.0002
1.192,0,0,1.4011,2.8023,0,0,2.8023,0,2.7188,2.3561,0.0002
1.193,0,0,1.3216,2.8033,0,0,2.8034,0,2.7199,2.36,0.0002
1.194,0,0,1.2424,2.8044,0,0,2.8044,0,2.7209,2.3639,0.0002
1.195,0,0,1.1637,2.8049,0,0,2.8049,0,2.7214,2.3672,0.0002
1.196,0,0,1.0861,2.8051,0,0,2.8051,0,2.7216,2.3703,0.0002
1.197,0,0,1.0101,2.8054,0,0,2.8054,0,2.7219,2.3735,0.0002
1.198,0,0,0.936,2.8058,0,0,2.8058,0,2.7222,2.3767,0.0002
1.199,0,0,0.8642,2.8061,0,0,2.8061,0,2.7226,2.3799,0.0002
1.2,0,0,0.7949,2.8064,0,0,2.8064,0,2.7229,2.383,0.0002
1.201,0,0,0.7283,2.8068,0,0,2.8068,0,2.7232,2.3861,0.0001
1.202,0,0,0.6648,2.8072,0,0,2.8072,0,2.7236,2.3892,0.0001
1.203,0,0,0.6044,2.8077,0,0,2.8077,0,2.7241,2.3923,0.0001
1.204,0,0,0.5473,2.808,0,0,2.808,0,2.7244,2.3954,0.0001
1.205,0,0,0.4936,2.8083,0,0,2.8083,0,2.7247,2.3983,0.0001
1.206,0,0,0.4434,2.8088,0,0,2.8088,0,2.7252,2.4014,0.0001
1.207,0,0,0.3968,2.81,0,0,2.81,0,2.7263,2.405,0.0001
1.208,0,0,0.3536,2.8111,0,0,2.8111,0,2.7274,2.4086,0.0001
1.209,0,0,0.3137,2.8117,0,0,2.8117,0,2.728,2.4117,0.0001
1.21,0,0,0.2771,2.8119,0,0,2.8119,0,2.7282,2.4145,0.0001
1.211,0,0,0.2437,2.8122,0,0,2.8122,0,2.7284,2.4172,0.0001
1.212,0,0,0.2135,2.8128,0,0,2.8128,0,2.729,2.4202,0.0001
1.213,0,0,0.1862,2.8139,0,0,2.8139,0,2.7302,2.4237,0.0001
1.214,0,0,0.1617,2.8151,0,0,2.8151,0,2.7313,2.4271,0.0001
1.215,0,0,0.1398,2.8156,0,0,2.8156,0,2.7318,2.43,0.0001
1.216,0,0,0.1203,2.8159,0,0,2.8159,0,2.7321,2.4326,0.0001
1.217,0,0,0.1031,2.8163,0,0,2.8163,0,2.7325,2.4354,0.0001
1.218,0,0,0.0879,2.8167,0,0,2.8167,0,2.7329,2.4381,0.0001
1.219,0,0,0.0747,2.817,0,0,2.817,0,2.7331,2.4406,0.0001
1.22,0,0,0.0631,2.8176,0,0,2.8176,0,2.7337,2.4434,0.0001
1.221,0,0,0.0531,2.8187,0,0,2.8187,0,2.7347,2.4466,0.0001
1.222,0,0,0.0445,2.8198,0,0,2.8198,0,2.7358,2.4498,0.0001
1.223,0,0,0.0371,2.8204,0,0,2.8204,0,2.7364,2.4525,0.0001
1.224,0,0,0.0308,2.8206,0,0,2.8206,0,2.7366,2.4549,0.0001
1.225,0,0,0.0254,2.8208,0,0,2.8208,0,2.7368,2.4572,0.0001
1.226,0,0,0.0209,2.8213,0,0,2.8213,0,2.7373,2.4598,0.0001
1.227,0,0,0.0171,2.8224,0,0,2.8224,0,2.7384,2.4629,0.0001
1.228,0,0,0.014,2.8235,0,0,2.8235,0,2.7394,2.4659,0.0001
1.229,0,0,0.0113,2.824,0,0,2.824,0,2.7399,2.4683,0.0001
1.23,0,0,0.0091,2.8242,0,0,2.8242,0,2.7401,2.4705,0
1.231,0,0,0.0073,2.8245,0,0,2.8245,0,2.7404,2.4728,0
1.232,0,0,0.0059,2.8249,0,0,2.8249,0,2.7407,2.4751,0
1.233,0,0,0.0047,2.825,0,0,2.825,0,2.7409,2.4772,0
1.234,0,0,0.0037,2.8255,0,0,2.8255,0,2.7413,2.4795,0
1.235,0,0,0.0029,2.8265,0,0,2.8265,0,2.7423,2.4823,0
1.236,0,0,0.0023,2.8275,0,0,2.8275,0,2.7433,2.485,0
1.237,0,0,0.0018,2.8279,0,0,2.8279,0,2.7437,2.4872,0
1.238,0,0,0.0014,2.828,0,0,2.828,0,2.7438,2.4891,0
1.239,0,0,0.0011,2.8282,0,0,2.8282,0,2.744,2.4911,0
1.24,0,0,0.0008,2.8285,0,0,2.8285,0,2.7443,2.4931,0
1.241,0,0,0.0006,2.8286,0,0,2.8286,0,2.7443,2.4949,0
1.242,0,0,0.0005,2.8289,0,0,2.8289,0,2.7447,2.4969,0
1.243,0,0,0.0004,2.8298,0,0,2.8298,0,2.7455,2.4994,0
1.244,0,0,0.0003,2.8307,0,0,2.8307,0,2.7464,2.5018,0
1.245,0,0,0.0002,2.831,0,0,2.831,0,2.7467,2.5037,0
1.246,0,0,0.0002,2.831,0,0,2.831,0,2.7467,2.5053,0
1.247,0,0,0.0001,2.831,0,0,2.831,0,2.7467,2.5069,0
1.248,0,0,0.0001,2.8312,0,0,2.8312,0,2.7469,2.5086,0
1.249,0,0,0.0001,2.8313,0,0,2.8313,0,2.747,2.5103,0
1.25,0,0,0,2.8313,0,0,2.8313,0,2.747,2.5118,0
1.251,0,0,0,2.8311,0,0,2.8311,0,2.7468,2.5131,0
1.252,0,0,0,2.8312,0,0,2.8312,0,2.7469,2.5146,0
1.253,0,0,0,2.8318,0,0,2.8318,0,2.7475,2.5165,0
1.254,0,0,0,2.8324,0,0,2.8324,0,2.748,2.5185,0
1.255,0,0,0,2.8324,0,0,2.8324,0,2.7481,2.5199,0
1.256,0,0,0,2.8321,0,0,2.8321,0,2.7477,2.521,0
1.257,0,0,0,2.8317,0,0,2.8317,0,2.7474,2.522,0
1.258,0,0,0,2.8317,0,0,2.8317,0,2.7474,2.5232,0
1.259,0,0,0,2.8322,0,0,2.8322,0,2.7479,2.525,0
1.26,0,0,0,2.8327,0,0,2.8327,0,2.7483,2.5267,0
1.261,0,0,0,2.8326,0,0,2.8326,0,2.7483,2.5279,0
1.262,0,0,0,2.8322,0,0,2.8322,0,2.7479,2.5287,0
1.263,0,0,0,2.8317,0,0,2.8317,0,2.7474,2.5295,0
1.264,0,0,0,2.8316,0,0,2.8316,0,2.7473,2.5305,0
1.265,0,0,0,2.8321,0,0,2.8321,0,2.7477,2.532,0
1.266,0,0,0,2.8325,0,0,2.8325,0,2.7481,2.5335,0
1.267,0,0,0,2.8323,0,0,2.8323,0,2.748,2.5345,0
1.268,0,0,0,2.8318,0,0,2.8318,0,2.7475,2.5351,0
1.269,0,0,0,2.8313,0,0,2.8313,0,2.747,2.5357,0
1.27,0,0,0,2.8312,0,0,2.8312,0,2.7469,2.5366,0
1.271,0,0,0,2.8316,0,0,2.8316,0,2.7473,2.5379,0
1.272,0,0,0,2.8319,0,0,2.8319,0,2.7476,2.5392,0
1.273,0,0,0,2.8317,0,0,2.8317,0,2.7474,2.54,0
1.274,0,0,0,2.8312,0,0,2.8312,0,2.7469,2.5404,0
1.275,0,0,0,2.8309,0,0,2.8309,0,2.7466,2.541,0
1.276,0,0,0,2.8305,0,0,2.8305,0,2.7462,2.5416,0
1.277,0,0,0,2.83,0,0,2.83,0,2.7457,2.542,0
1.278,0,0,0,2.8298,0,0,2.8298,0,2.7455,2.5426,0
1.279,0,0,0,2.8301,0,0,2.8301,0,2.7458,2.5437,0
1.28,0,0,0,2.8305,0,0,2.8305,0,2.7462,2.5448,0
1.281,0,0,0,2.8302,0,0,2.8302,0,2.746,2.5454,0
1.282,0,0,0,2.8297,0,0,2.8297,0,2.7455,2.5457,0
1.283,0,0,0,2.8294,0,0,2.8294,0,2.7451,2.5461,0
1.284,0,0,0,2.829,0,0,2.829,0,2.7448,2.5464,0
1.285,0,0,0,2.8286,0,0,2.8286,0,2.7443,2.5467,0
1.286,0,0,0,2.8284,0,0,2.8284,0,2.7441,2.5471,0
1.287,0,0,0,2.8287,0,0,2.8287,0,2.7445,2.5481,0
1.288,0,0,0,2.8291,0,0,2.8291,0,2.7449,2.5491,0
1.289,0,0,0,2.829,0,0,2.829,0,2.7447,2.5495,0
1.29,0,0,0,2.8285,0,0,2.8285,0,2.7443,2.5497,0
1.291,0,0,0,2.8282,0,0,2.8282,0,2.744,2.5499,0
1.292,0,0,0,2.8279,0,0,2.8279,0,2.7437,2.5502,0
1.293,0,0,0,2.8275,0,0,2.8275,0,2.7433,2.5503,0
1.294,0,0,0,2.8274,0,0,2.8274,0,2.7432,2.5507,0
1.295,0,0,0,2.8279,0,0,2.8279,0,2.7437,2.5516,0
1.296,0,0,0,2.8283,0,0,2.8283,0,2.7441,2.5524,0
1.297,0,0,0,2.8283,0,0,2.8283,0,2.744,2.5528,0
1.298,0,0,0,2.8279,0,0,2.8279,0,2.7437,2.5528,0
1.299,0,0,0,2.8277,0,0,2.8277,0,2.7435,2.553,0
1.3,0,0,0,2.8276,0,0,2.8276,0,2.7434,2.5532,0
1.301,0,0,0,2.8273,0,0,2.8273,0,2.7432,2.5534,0
1.302,0,0,0,2.8274,0,0,2.8274,0,2.7432,2.5537,0
1.303,0,0,0,2.8281,0,0,2.8281,0,2.7439,2.5546,0
1.304,0,0,0,2.8287,0,0,2.8287,0,2.7445,2.5555,0
1.305,0,0,0,2.8288,0,0,2.8288,0,2.7446,2.5558,0
1.306,0,0,0,2.8287,0,0,2.8287,0,2.7445,2.5559,0
1.307,0,0,0,2.8287,0,0,2.8287,0,2.7444,2.5561,0
1.308,0,0,0,2.8287,0,0,2.8287,0,2.7444,2.5562,0
1.309,0,0,0,2.8285,0,0,2.8285,0,2.7443,2.5563,0
1.31,0,0,0,2.8287,0,0,2.8287,0,2.7445,2.5566,0
1.311,0,0,0,2.8294,0,0,2.8294,0,2.7452,2.5574,0
1.312,0,0,0,2.8302,0,0,2.8302,0,2.7459,2.5582,0
1.313,0,0,0,2.8304,0,0,2.8304,0,2.7461,2.5584,0
1.314,0,0,0,2.8303,0.0001,0,2.8303,0,2.746,2.5584,0
1.315,0,0,0,2.8304,0.0001,0,2.8304,0,2.7461,2.5585,0
1.316,0,0,0,2.8304,0.0001,0,2.8304,0,2.7462,2.5586,0
1.317,0,0,0,2.8304,0.0001,0,2.8304,0,2.7461,2.5585,0
1.318,0,0,0,2.8306,0.0002,0,2.8306,0,2.7463,2.5587,0
1.319,0,0,0,2.8314,0.0002,0,2.8314,0,2.7471,2.5594,0
1.32,0,0,0,2.8323,0.0003,0,2.8323,0,2.7479,2.5601,0
1.321,0,0,0,2.8325,0.0004,0,2.8325,0,2.7482,2.5603,0
1.322,0,0,0,2.8325,0.0005,0,2.8325,0,2.7482,2.5602,0
1.323,0,0,0,2.8327,0.0006,0,2.8327,0,2.7483,2.5602,0
1.324,0,0,0,2.8328,0.0007,0,2.8328,0,2.7485,2.5602,0
1.325,0,0,0,2.8328,0.0009,0,2.8328,0,2.7485,2.5601,0
1.326,0,0,0,2.8331,0.0012,0,2.8331,0,2.7488,2.5601,0
1.327,0,0,0,2.834,0.0015,0,2.834,0,2.7496,2.5608,0
1.328,0,0,0,2.8349,0.0018,0,2.8349,0,2.7505,2.5614,0
1.329,0,0,0,2.8353,0.0023,0,2.8353,0,2.7509,2.5615,0
1.33,0,0,0,2.8353,0.0028,0,2.8353,0,2.7509,2.5612,0
1.331,0,0,0,2.8353,0.0034,0,2.8353,0,2.7509,2.561,0
1.332,0,0,0,2.8357,0.0042,0,2.8357,0,2.7513,2.5611,0
1.333,0,0,0,2.8367,0.0051,0,2.8367,0,2.7522,2.5616,0
1.334,0,0,0,2.8376,0.0063,0,2.8376,0,2.7531,2.5621,0
1.335,0,0,0,2.8379,0.0076,0,2.8379,0,2.7534,2.5621,0
1.336,0,0,0,2.838,0.0092,0,2.838,0,2.7535,2.5619,0
1.337,0,0,0,2.8383,0.011,0,2.8383,0,2.7538,2.5617,0
1.338,0,0,0,2.8385,0.0132,0,2.8385,0,2.754,2.5615,0
1.339,0,0,0,2.8387,0.0158,0,2.8387,0,2.7541,2.5612,0
1.34,0,0,0,2.839,0.0189,0,2.839,0,2.7545,2.5612,0
1.341,0,0,0,2.84,0.0224,0,2.84,0,2.7555,2.5616,0
1.342,0,0,0,2.841,0.0265,0,2.841,0,2.7564,2.5621,0
1.343,0,0,0,2.8415,0.0313,0,2.8415,0,2.7569,2.562,0
1.344,0,0,0,2.8416,0.0367,0,2.8416,0,2.757,2.5616,0
1.345,0,0,0,2.8417,0.043,0,2.8417,0,2.7571,2.5612,0
1.346,0,0,0,2.8422,0.0502,0,2.8422,0,2.7575,2.5611,0
1.347,0,0,0,2.8432,0.0584,0,2.8432,0,2.7585,2.5615,0
1.348,0,0,0,2.8442,0.0677,0,2.8442,0,2.7595,2.5618,0
1.349,0,0,0,2.8447,0.0782,0,2.8447,0,2.76,2.5616,0
1.35,0,0,0,2.8448,0.0901,0,2.8448,0,2.7601,2.5612,0
1.351,0,0,0,2.8451,0.1034,0,2.8451,0,2.7604,2.5609,0
1.352,0,0,0,2.8455,0.1182,0,2.8455,0,2.7608,2.5606,0
1.353,0,0,0,2.8459,0.1347,0,2.8459,0,2.7612,2.5603,0
1.354,0,0,0,2.8463,0.1531,0,2.8463,0,2.7616,2.56,0
1.355,0,0,0,2.8467,0.1733,0,2.8467,0,2.762,2.5597,0
1.356,0,0,0,2.8471,0.1956,0,2.8471,0,2.7623,2.5593,0
1.357,0,0,0,2.8474,0.22,0,2.8474,0,2.7626,2.5588,0
1.358,0,0,0,2.848,0.2467,0,2.848,0,2.7632,2.5586,0
1.359,0,0,0,2.8491,0.2759,0,2.8491,0,2.7643,2.5589,0
1.36,0,0,0,2.8503,0.3075,0,2.8503,0,2.7654,2.5592,0
1.361,0,0,0,2.8509,0.3415,0,2.8509,0,2.766,2.5589,0
1.362,0,0,0,2.8512,0.3781,0,2.8512,0,2.7663,2.5584,0
1.363,0,0,0,2.8516,0.4173,0,2.8516,0,2.7667,2.558,0
1.364,0,0,0,2.8521,0.4592,0,2.8521,0,2.7671,2.5576,0
1.365,0,0,0,2.8526,0.5037,0,2.8526,0,2.7676,2.5572,0
1.366,0,0,0,2.853,0.5509,0,2.853,0,2.768,2.5567,0
1.367,0,0,0,2.8533,0.6006,0,2.8533,0,2.7683,2.5561,0
1.368,0,0,0,2.8539,0.653,0,2.8539,0,2.7689,2.5558,0
1.369,0,0,0,2.8552,0.708,0,2.8552,0,2.7701,2.556,0
1.37,0,0,0,2.8563,0.7654,0,2.8563,0,2.7713,2.5561,0
1.371,0,0,0,2.8568,0.8249,0,2.8568,0,2.7717,2.5556,0
1.372,0,0,0,2.8572,0.8864,0,2.8572,0,2.7722,2.5551,0
1.373,0,0,0,2.8584,0.9501,0,2.8584,0,2.7733,2.5551,0
1.374,0,0,0,2.8596,1.0157,0,2.8596,0,2.7745,2.5553,0
1.375,0,0,0,2.8602,1.0825,0,2.8602,0,2.7751,2.5548,0
1.376,0,0,0,2.8605,1.1506,0,2.8605,0,2.7754,2.5541,0
1.377,0,0,0,2.861,1.2198,0,2.861,0,2.7758,2.5534,0
1.378,0,0,0,2.8614,1.2898,0,2.8614,0,2.7762,2.5528,0
1.379,0,0,0,2.8617,1.3602,0,2.8617,0,2.7765,2.552,0
1.38,0,0,0,2.8623,1.4311,0,2.8623,0,2.7771,2.5515,0
1.381,0,0,0,2.8635,1.5024,0,2.8635,0,2.7782,2.5514,0
1.382,0,0,0,2.8646,1.5734,0,2.8646,0,2.7793,2.5513,0
1.383,0,0,0,2.865,1.6435,0,2.865,0,2.7797,2.5506,0
1.384,0,0,0,2.8653,1.7129,0,2.8654,0,2.7801,2.5498,0
1.385,0,0,0,2.8664,1.7816,0,2.8665,0,2.7811,2.5496,0
1.386,0,0,0,2.8675,1.8491,0,2.8676,0,2.7822,2.5495,0
1.387,0,0,0,2.868,1.9148,0,2.8682,0,2.7828,2.5488,0
1.388,0,0,0,2.8682,1.9785,0,2.8684,0,2.7829,2.5478,0
1.389,0,0,0,2.8685,2.0404,0,2.8687,0,2.7832,2.5469,0
1.39,0,0,0,2.8688,2.1002,0,2.869,0,2.7836,2.546,0
1.391,0,0,0,2.869,2.1578,0,2.8694,0,2.7839,2.5451,0
1.392,0,0,0,2.8693,2.213,0,2.8696,0,2.7842,2.5441,0
1.393,0,0,0,2.8694,2.2658,0,2.8699,0,2.7845,2.5431,0
1.394,0,0,0,2.8696,2.316,0,2.8702,0,2.7847,2.5421,0
1.395,0,0,0,2.8697,2.3636,0,2.8705,0,2.785,2.5411,0
1.396,0,0,0,2.8698,2.4085,0,2.8707,0,2.7852,2.54,0
1.397,0,0,0,2.8698,2.4508,0,2.8709,0,2.7854,2.5389,0
1.398,0,0,0,2.8697,2.4904,0,2.8711,0,2.7856,2.5377,0
1.399,0,0,0,2.8696,2.5274,0,2.8713,0,2.7858,2.5366,0
1.4,0,0,0,2.8693,2.5617,0,2.8715,0,2.786,2.5354,0
1.401,0,0,0,2.8688,2.5935,0,2.8715,0,2.786,2.534,0
1.402,0,0,0,2.8683,2.6228,0,2.8716,0,2.7861,2.5327,0
1.403,0,0,0,2.8678,2.6498,0,2.8717,0,2.7862,2.5315,0
1.404,0,0,0,2.8668,2.6743,0,2.8716,0,2.7861,2.53,0
1.405,0,0,0,2.8651,2.696,0,2.8708,0,2.7853,2.5279,0
1.406,0,0,0,2.8631,2.7157,0,2.87,0,2.7846,2.5258,0.0001
1.407,0,0,0,2.8616,2.734,0,2.8698,0,2.7844,2.5242,0.0001
1.408,0,0,0,2.86,2.7507,0,2.8699,0,2.7845,2.5229,0.0001
1.409,0,0,0,2.8581,2.7656,0,2.8699,0,2.7844,2.5214,0.0001
1.41,0,0,0,2.8558,2.7789,0,2.8697,0,2.7843,2.5198,0.0001
1.411,0,0,0,2.853,2.7907,0,2.8696,0,2.7842,2.5182,0.0001
1.412,0,0,0,2.85,2.8012,0,2.8695,0,2.7841,2.5166,0.0001
1.413,0,0,0,2.8464,2.8104,0,2.8694,0,2.784,2.515,0.0001
1.414,0,0,0,2.8423,2.8185,0,2.8692,0,2.7838,2.5134,0.0001
1.415,0,0,0,2.8374,2.8255,0,2.8689,0,2.7835,2.5116,0.0001
1.416,0,0,0,2.8322,2.8318,0,2.8689,0,2.7835,2.51,0.0001
1.417,0,0,0,2.8268,2.8379,0,2.8695,0,2.784,2.509,0.0001
1.418,0,0,0,2.8205,2.8432,0,2.87,0,2.7845,2.5079,0.0001
1.419,0,0,0,2.8127,2.8472,0,2.8698,0,2.7843,2.5062,0.0001
1.42,0,0,0,2.8039,2.8505,0,2.8696,0,2.7841,2.5044,0.0001
1.421,0,0,0,2.7945,2.8539,0,2.8699,0,2.7845,2.5031,0.0001
1.422,0,0,0,2.7843,2.8572,0,2.8706,0,2.7851,2.5021,0.0001
1.423,0,0,0,2.7727,2.86,0,2.8711,0,2.7857,2.501,0.0001
1.424,0,0,0,2.7596,2.8623,0,2.8716,0,2.7861,2.4997,0.0001
1.425,0,0,0,2.745,2.8644,0,2.872,0,2.7865,2.4985,0.0001
1.426,0,0,0,2.729,2.8662,0,2.8726,0,2.787,2.4973,0.0001
1.427,0,0,0,2.7113,2.868,0,2.8732,0,2.7877,2.4962,0.0001
1.428,0,0,0,2.6916,2.8693,0,2.8735,0,2.788,2.4949,0.0001
1.429,0,0,0,2.6694,2.8698,0,2.8733,0,2.7877,2.493,0.0001
1.43,0,0,0,2.6453,2.8702,0,2.873,0,2.7875,2.4911,0.0001
1.431,0,0,0,2.6196,2.871,0,2.8733,0,2.7878,2.4896,0.0001
1.432,0,0,0,2.592,2.8721,0,2.874,0,2.7884,2.4885,0.0001
1.433,0,0,0,2.5623,2.8731,0,2.8746,0,2.789,2.4873,0.0001
1.434,0,0,0,2.5299,2.8737,0,2.8749,0,2.7893,2.4859,0.0002
1.435,0,0,0,2.4949,2.8739,0,2.8748,0,2.7892,2.484,0.0002
1.436,0,0,0,2.4572,2.8737,0,2.8744,0,2.7888,2.4819,0.0002
1.437,0,0,0,2.4171,2.8734,0,2.874,0,2.7884,2.4798,0.0002
1.438,0,0,0,2.3749,2.8734,0,2.8739,0,2.7883,2.478,0.0002
1.439,0,0,0,2.3308,2.874,0,2.8744,0,2.7888,2.4766,0.0002
1.44,0,0,0,2.2844,2.8746,0,2.8749,0,2.7893,2.4753,0.0002
1.441,0,0,0,2.2351,2.8746,0,2.8748,0,2.7892,2.4734,0.0002
1.442,0,0,0,2.1834,2.8742,0,2.8744,0,2.7888,2.4713,0.0002
1.443,0,0,0,2.1296,2.874,0,2.8742,0,2.7886,2.4692,0.0002
1.444,0,0,0,2.0737,2.8739,0,2.874,0,2.7884,2.4672,0.0002
1.445,0,0,0,2.0158,2.8735,0,2.8736,0,2.788,2.4651,0.0002
1.446,0,0,0,1.9563,2.8735,0,2.8735,0,2.788,2.4632,0.0002
1.447,0,0,0,1.8956,2.874,0,2.8741,0,2.7885,2.4618,0.0002
1.448,0,0,0,1.8333,2.8746,0,2.8746,0,2.789,2.4604,0.0002
1.449,0,0,0,1.7694,2.8746,0,2.8746,0,2.789,2.4585,0.0002
1.45,0,0,0,1.7041,2.8742,0,2.8743,0,2.7887,2.4564,0.0003
1.451,0,0,0,1.638,2.874,0,2.874,0,2.7884,2.4542,0.0003
1.452,0,0,0,1.5714,2.8741,0,2.8741,0,2.7885,2.4524,0.0003
1.453,0,0,0,1.5047,2.8747,0,2.8747,0,2.7891,2.4511,0.0003
1.454,0,0,0,1.4377,2.8754,0,2.8754,0,2.7898,2.4497,0.0003
1.455,0,0,0,1.3704,2.8755,0,2.8755,0,2.7899,2.4479,0.0003
1.456,0,0,0,1.3031,2.8752,0,2.8752,0,2.7896,2.4457,0.0003
1.457,0,0,0,1.2364,2.875,0,2.875,0,2.7894,2.4436,0.0003
1.458,0,0,0,1.1705,2.8751,0,2.8751,0,2.7895,2.4417,0.0003
1.459,0,0,0,1.1057,2.8757,0,2.8758,0,2.7901,2.4403,0.0003
1.46,0,0,0,1.0419,2.8764,0,2.8764,0,2.7908,2.4389,0.0003
1.461,0,0,0,0.9793,2.8766,0,2.8766,0,2.7909,2.4371,0.0003
1.462,0,0,0,0.9181,2.8763,0,2.8763,0,2.7907,2.4349,0.0004
1.463,0,0,0,0.8585,2.8761,0,2.8761,0,2.7905,2.4327,0.0004
1.464,0,0,0,0.8009,2.8762,0,2.8762,0,2.7906,2.4308,0.0004
1.465,0,0,0,0.7453,2.877,0,2.877,0,2.7913,2.4294,0.0004
1.466,0,0,0,0.6918,2.8777,0,2.8777,0,2.792,2.428,0.0004
1.467,0,0,0,0.6404,2.8778,0,2.8778,0,2.7921,2.4261,0.0004
1.468,0,0,0,0.5911,2.8776,0,2.8776,0,2.7919,2.4239,0.0004
1.469,0,0,0,0.5442,2.8776,0,2.8776,0,2.7919,2.4219,0.0004
1.47,0,0,0,0.4996,2.8776,0,2.8776,0,2.7919,2.4198,0.0004
1.471,0,0,0,0.4574,2.8774,0,2.8774,0,2.7918,2.4176,0.0004
1.472,0,0,0,0.4177,2.8776,0,2.8776,0,2.7919,2.4157,0.0005
1.473,0,0,0,0.3804,2.8783,0,2.8783,0,2.7926,2.4142,0.0005
1.474,0,0,0,0.3455,2.8791,0,2.8791,0,2.7933,2.4128,0.0005
1.475,0,0,0,0.3129,2.8792,0,2.8792,0,2.7935,2.4108,0.0005
1.476,0,0,0,0.2824,2.8791,0,2.8791,0,2.7934,2.4086,0.0005
1.477,0,0,0,0.2543,2.8791,0,2.8791,0,2.7934,2.4066,0.0005
1.478,0,0,0,0.2283,2.8791,0,2.8791,0,2.7934,2.4045,0.0005
1.479,0,0,0,0.2043,2.879,0,2.879,0,2.7933,2.4023,0.0005
1.48,0,0,0,0.1823,2.8792,0,2.8792,0,2.7935,2.4003,0.0006
1.481,0,0,0,0.1623,2.88,0,2.88,0,2.7942,2.3988,0.0006
1.482,0,0,0,0.144,2.8807,0,2.8807,0,2.795,2.3973,0.0006
1.483,0,0,0,0.1274,2.8809,0,2.8809,0,2.7952,2.3953,0.0006
1.484,0,0,0,0.1123,2.8808,0,2.8808,0,2.7951,2.3931,0.0006
1.485,0,0,0,0.0988,2.8808,0,2.8808,0,2.7951,2.3909,0.0006
1.486,0,0,0,0.0866,2.8809,0,2.8809,0,2.7952,2.3889,0.0006
1.487,0,0,0,0.0757,2.8811,0,2.8811,0,2.7953,2.3868,0.0007
1.488,0,0,0,0.0659,2.8811,0,2.8811,0,2.7953,2.3846,0.0007
1.489,0,0,0,0.0573,2.881,0,2.881,0,2.7952,2.3824,0.0007
1.49,0,0,0,0.0496,2.8812,0,2.8812,0,2.7954,2.3804,0.0007
1.491,0,0,0,0.0428,2.882,0,2.882,0,2.7962,2.3789,0.0007
1.492,0,0,0,0.0369,2.8829,0,2.8829,0,2.797,2.3773,0.0007
1.493,0,0,0,0.0316,2.8831,0,2.8831,0,2.7973,2.3753,0.0008
1.494,0,0,0,0.0271,2.883,0,2.883,0,2.7972,2.3731,0.0008
1.495,0,0,0,0.0231,2.8831,0,2.8831,0,2.7973,2.3709,0.0008
1.496,0,0,0,0.0196,2.8832,0,2.8832,0,2.7974,2.3688,0.0008
1.497,0,0,0,0.0166,2.8834,0,2.8834,0,2.7975,2.3666,0.0008
1.498,0,0,0,0.014,2.8835,0,2.8835,0,2.7976,2.3645,0.0008
1.499,0,0,0,0.0118,2.8836,0,2.8836,0,2.7977,2.3623,0.0009
1.5,0,0,0,0.0099,2.8837,0,2.8837,0,2.7978,2.3602,0.0009
1.501,0,0,0,0.0083,2.8838,0,2.8838,0,2.7979,2.358,0.0009
1.502,0,0,0,0.0069,2.8839,0,2.8839,0,2.798,2.3558,0.0009
1.503,0,0,0,0.0058,2.884,0,2.884,0,2.7982,2.3536,0.0009
1.504,0,0,0,0.0048,2.8841,0,2.8841,0,2.7982,2.3514,0.001
1.505,0,0,0,0.0039,2.8841,0,2.8841,0,2.7982,2.3491,0.001
1.506,0,0,0,0.0032,2.8843,0,2.8843,0,2.7985,2.3471,0.001
1.507,0,0,0,0.0027,2.8852,0,2.8852,0,2.7993,2.3455,0.001
1.508,0,0,0,0.0022,2.8861,0,2.8861,0,2.8001,2.3439,0.001
1.509,0,0,0,0.0018,2.8863,0,2.8863,0,2.8004,2.3418,0.0011
1.51,0,0,0,0.0014,2.8863,0,2.8863,0,2.8004,2.3395,0.0011
1.511,0,0,0,0.0012,2.8865,0,2.8865,0,2.8005,2.3373,0.0011
1.512,0,0,0,0.0009,2.8866,0,2.8866,0,2.8007,2.3351,0.0011
1.513,0,0,0,0.0008,2.8866,0,2.8866,0,2.8007,2.3328,0.0011
1.514,0,0,0,0.0006,2.8869,0,2.8869,0,2.801,2.3307,0.0012
1.515,0,0,0,0.0005,2.8878,0,2.8878,0,2.8018,2.329,0.0012
1.516,0,0,0,0.0004,2.8887,0,2.8887,0,2.8027,2.3274,0.0012
1.517,0,0,0,0.0003,2.889,0,2.889,0,2.803,2.3253,0.0012
1.518,0,0,0,0.0002,2.8891,0,2.8891,0,2.8031,2.323,0.0013
1.519,0,0,0,0.0002,2.8892,0,2.8892,0,2.8032,2.3208,0.0013
1.52,0,0,0,0.0002,2.8894,0,2.8894,0,2.8034,2.3186,0.0013
1.521,0,0,0,0.0001,2.8895,0,2.8895,0,2.8034,2.3162,0.0013
1.522,0,0,0,0.0001,2.8898,0,2.8898,0,2.8037,2.3141,0.0014
1.523,0,0,0,0.0001,2.8907,0,2.8907,0,2.8046,2.3125,0.0014
1.524,0,0,0,0.0001,2.8916,0,2.8916,0,2.8055,2.3108,0.0014
1.525,0,0,0,0,2.892,0,2.892,0,2.8059,2.3087,0.0014
1.526,0,0,0,0,2.892,0,2.892,0,2.8059,2.3063,0.0015
1.527,0,0,0,0,2.8922,0,2.8922,0,2.8061,2.3041,0.0015
1.528,0,0,0,0,2.8924,0,2.8924,0,2.8063,2.3019,0.0015
1.529,0,0,0,0,2.8925,0,2.8925,0,2.8064,2.2995,0.0015
1.53,0,0,0,0,2.8928,0,2.8928,0,2.8067,2.2974,0.0016
1.531,0,0,0,0,2.8938,0,2.8938,0,2.8076,2.2957,0.0016
1.532,0,0,0,0,2.8947,0,2.8947,0,2.8086,2.294,0.0016
1.533,0,0,0,0,2.8951,0,2.8951,0,2.8089,2.2919,0.0017
1.534,0,0,0,0,2.8952,0,2.8952,0,2.809,2.2895,0.0017
1.535,0,0,0,0,2.8954,0,2.8954,0,2.8092,2.2873,0.0017
1.536,0,0,0,0,2.8956,0,2.8956,0,2.8094,2.285,0.0017
1.537,0,0,0,0,2.8957,0,2.8957,0,2.8095,2.2826,0.0018
1.538,0,0,0,0,2.8961,0,2.8961,0,2.8098,2.2805,0.0018
1.539,0,0,0,0,2.897,0,2.897,0,2.8108,2.2788,0.0018
1.54,0,0,0,0,2.898,0,2.898,0,2.8117,2.2771,0.0019
1.541,0,0,0,0,2.8984,0,2.8984,0,2.8121,2.2749,0.0019
1.542,0,0,0,0,2.8985,0,2.8985,0,2.8122,2.2725,0.0019
1.543,0,0,0,0,2.8985,0,2.8985,0,2.8122,2.2701,0.002
1.544,0,0,0,0,2.8989,0,2.8989,0,2.8126,2.2679,0.002
1.545,0,0,0,0,2.8999,0,2.8999,0,2.8136,2.2662,0.002
1.546,0,0,0,0,2.9009,0,2.9009,0,2.8145,2.2645,0.0021
1.547,0,0,0,0,2.9013,0,2.9013,0,2.8149,2.2623,0.0021
1.548,0,0,0,0,2.9014,0,2.9014,0,2.815,2.2599,0.0021
1.549,0,0,0,0,2.9016,0,2.9016,0,2.8152,2.2576,0.0022
1.55,0,0,0,0,2.9019,0,2.9019,0,2.8155,2.2553,0.0022
1.551,0,0,0,0,2.9021,0,2.9021,0,2.8157,2.2529,0.0022
1.552,0,0,0,0,2.9022,0,2.9022,0,2.8158,2.2505,0.0023
1.553,0,0,0,0,2.9022,0,2.9022,0,2.8158,2.248,0.0023
1.554,0,0,0,0,2.9025,0,2.9025,0,2.8161,2.2457,0.0024
1.555,0,0,0,0,2.9034,0,2.9034,0,2.8169,2.2439,0.0024
1.556,0,0,0,0,2.9043,0,2.9043,0,2.8178,2.2421,0.0024
1.557,0,0,0,0,2.9046,0,2.9046,0,2.8181,2.2398,0.0025
1.558,0,0,0,0,2.9046,0,2.9046,0,2.8181,2.2373,0.0025
1.559,0,0,0,0,2.9047,0,2.9047,0,2.8182,2.2348,0.0025
1.56,0,0,0,0,2.9049,0,2.9049,0,2.8184,2.2325,0.0026
1.561,0,0,0,0,2.9051,0,2.9051,0,2.8186,2.2301,0.0026
1.562,0,0,0,0,2.9052,0,2.9052,0,2.8187,2.2276,0.0027
1.563,0,0,0,0,2.9054,0,2.9054,0,2.8189,2.2252,0.0027
1.564,0,0,0,0,2.9056,0,2.9056,0,2.819,2.2228,0.0027
1.565,0,0,0,0,2.9058,0,2.9058,0,2.8193,2.2204,0.0028
1.566,0,0,0,0,2.9059,0,2.9059,0,2.8194,2.218,0.0028
1.567,0,0,0,0,2.9059,0,2.9059,0,2.8194,2.2155,0.0029
1.568,0,0,0,0,2.9063,0,2.9063,0,2.8197,2.2131,0.0029
1.569,0,0,0,0,2.9072,0,2.9072,0,2.8206,2.2113,0.003
1.57,0,0,0,0,2.9081,0,2.9081,0,2.8215,2.2094,0.003
1.571,0,0,0,0,2.9085,0,2.9085,0,2.8219,2.2071,0.003
1.572,0,0,0,0,2.9085,0,2.9085,0,2.8219,2.2046,0.0031
1.573,0,0,0,0,2.9087,0,2.9087,0,2.8221,2.2022,0.0031
1.574,0,0,0,0,2.909,0,2.909,0,2.8223,2.1998,0.0032
1.575,0,0,0,0,2.9092,0,2.9092,0,2.8226,2.1974,0.0032
1.576,0,0,0,0,2.9094,0,2.9094,0,2.8228,2.195,0.0033
1.577,0,0,0,0,2.9096,0,2.9096,0,2.823,2.1926,0.0033
1.578,0,0,0,0,2.9099,0,2.9099,0,2.8232,2.1902,0.0034
1.579,0,0,0,0,2.9101,0,2.9101,0,2.8235,2.1878,0.0034
1.58,0,0,0,0,2.9104,0,2.9104,0,2.8237,2.1854,0.0035
1.581,0,0,0,0,2.9107,0,2.9107,0,2.824,2.183,0.0035
1.582,0,0,0,0,2.9109,0,2.9109,0,2.8243,2.1806,0.0036
1.583,0,0,0,0,2.9111,0,2.9111,0,2.8244,2.1781,0.0036
1.584,0,0,0,0,2.9115,0,2.9115,0,2.8248,2.1758,0.0037
1.585,0,0,0,0,2.9125,0,2.9125,0,2.8258,2.174,0.0037
1.586,0,0,0,0,2.9136,0,2.9136,0,2.8269,2.1722,0.0038
1.587,0,0,0,0,2.9141,0,2.9141,0,2.8274,2.17,0.0038
1.588,0,0,0,0,2.9143,0,2.9143,0,2.8275,2.1675,0.0039
1.589,0,0,0,0,2.9144,0,2.9144,0,2.8277,2.165,0.0039
1.59,0,0,0,0,2.915,0,2.915,0,2.8282,2.1628,0.004
1.591,0,0,0,0,2.9161,0,2.9161,0,2.8293,2.161,0.004
1.592,0,0,0,0,2.9172,0,2.9172,0,2.8304,2.1592,0.0041
1.593,0,0,0,0,2.9178,0,2.9178,0,2.8309,2.157,0.0042
1.594,0,0,0,0,2.918,0,2.918,0,2.8311,2.1546,0.0042
1.595,0,0,0,0,2.9182,0,2.9182,0,2.8314,2.1521,0.0043
1.596,0,0,0,0,2.9189,0,2.9189,0,2.832,2.1499,0.0043
1.597,0,0,0,0,2.9201,0,2.9201,0,2.8331,2.1482,0.0044
1.598,0,0,0,0,2.9213,0,2.9213,0,2.8343,2.1464,0.0044
1.599,0,0,0,0,2.9219,0,2.9219,0,2.8349,2.1443,0.0045
1.6,0,0,0,0,2.9222,0,2.9222,0,2.8352,2.1419,0.0046
1.601,0,0,0,0,2.9228,0,2.9228,0,2.8358,2.1397,0.0046
1.602,0,0,0,0,2.9234,0.0001,2.9234,0,2.8364,2.1375,0.0047
1.603,0,0,0,0,2.9239,0.0001,2.9239,0,2.8369,2.1352,0.0047
1.604,0,0,0,0,2.9247,0.0001,2.9247,0,2.8376,2.1331,0.0048
1.605,0,0,0,0,2.9261,0.0001,2.9261,0,2.839,2.1315,0.0049
1.606,0,0,0,0,2.9276,0.0001,2.9276,0,2.8404,2.1299,0.0049
1.607,0,0,0,0,2.9284,0.0002,2.9284,0,2.8412,2.1279,0.005
1.608,0,0,0,0,2.929,0.0002,2.929,0,2.8418,2.1256,0.0051
1.609,0,0,0,0,2.9296,0.0002,2.9296,0,2.8424,2.1235,0.0051
1.61,0,0,0,0,2.9304,0.0003,2.9304,0,2.8432,2.1214,0.0052
1.611,0,0,0,0,2.9312,0.0004,2.9312,0,2.8439,2.1193,0.0053
1.612,0,0,0,0,2.9319,0.0004,2.9319,0,2.8446,2.1172,0.0053
1.613,0,0,0,0,2.9327,0.0005,2.9327,0,2.8454,2.1151,0.0054
1.614,0,0,0,0,2.9335,0.0006,2.9335,0,2.8461,2.113,0.0055
1.615,0,0,0,0,2.9342,0.0008,2.9342,0,2.8469,2.1108,0.0055
1.616,0,0,0,0,2.9351,0.0009,2.9351,0,2.8477,2.1088,0.0056
1.617,0,0,0,0,2.9359,0.0011,2.9359,0,2.8485,2.1067,0.0057
1.618,0,0,0,0,2.9367,0.0013,2.9367,0,2.8492,2.1046,0.0057
1.619,0,0,0,0,2.9373,0.0016,2.9373,0,2.8499,2.1024,0.0058
1.62,0,0,0,0,2.9383,0.0019,2.9383,0,2.8508,2.1004,0.0059
1.621,0,0,0,0,2.9399,0.0023,2.9399,0,2.8523,2.0989,0.006
1.622,0,0,0,0,2.9414,0.0027,2.9414,0,2.8539,2.0973,0.006
1.623,0,0,0,0,2.9424,0.0032,2.9424,0,2.8548,2.0953,0.0061
1.624,0,0,0,0,2.9431,0.0038,2.9431,0,2.8555,2.0931,0.0062
1.625,0,0,0,0,2.9439,0.0045,2.9439,0,2.8563,2.091,0.0063
1.626,0,0,0,0,2.9448,0.0053,2.9448,0,2.8571,2.089,0.0063
1.627,0,0,0,0,2.9455,0.0062,2.9455,0,2.8578,2.0868,0.0064
1.628,0,0,0,0,2.9464,0.0072,2.9464,0,2.8587,2.0848,0.0065
1.629,0,0,0,0,2.948,0.0085,2.948,0,2.8603,2.0832,0.0066
1.63,0,0,0,0,2.9496,0.0099,2.9496,0,2.8618,2.0816,0.0066
1.631,0,0,0,0,2.9506,0.0115,2.9506,0,2.8627,2.0796,0.0067
1.632,0,0,0,0,2.9513,0.0133,2.9513,0,2.8634,2.0774,0.0068
1.633,0,0,0,0,2.952,0.0154,2.952,0,2.8641,2.0753,0.0069
1.634,0,0,0,0,2.9529,0.0178,2.9529,0,2.865,2.0732,0.007
1.635,0,0,0,0,2.9537,0.0205,2.9537,0,2.8658,2.071,0.0071
1.636,0,0,0,0,2.9545,0.0236,2.9545,0,2.8665,2.0689,0.0071
1.637,0,0,0,0,2.9553,0.0271,2.9553,0,2.8673,2.0667,0.0072
1.638,0,0,0,0,2.9561,0.031,2.9561,0,2.868,2.0646,0.0073
1.639,0,0,0,0,2.9568,0.0354,2.9568,0,2.8688,2.0624,0.0074
1.64,0,0,0,0,2.9576,0.0403,2.9576,0,2.8695,2.0603,0.0075
1.641,0,0,0,0,2.9584,0.0458,2.9584,0,2.8703,2.0581,0.0076
1.642,0,0,0,0,2.9591,0.0519,2.9591,0,2.871,2.0559,0.0076
1.643,0,0,0,0,2.9598,0.0587,2.9598,0,2.8717,2.0537,0.0077
1.644,0,0,0,0,2.9605,0.0662,2.9605,0,2.8724,2.0515,0.0078
1.645,0,0,0,0,2.9612,0.0746,2.9612,0,2.8731,2.0493,0.0079
1.646,0,0,0,0,2.9619,0.0838,2.9619,0,2.8737,2.047,0.008
1.647,0,0,0,0,2.9626,0.0939,2.9626,0,2.8744,2.0448,0.0081
1.648,0,0,0,0,2.9632,0.105,2.9632,0,2.875,2.0425,0.0082
1.649,0,0,0,0,2.9639,0.1171,2.9639,0,2.8757,2.0403,0.0083
1.65,0,0,0,0,2.9645,0.1304,2.9645,0,2.8762,2.038,0.0083
1.651,0,0,0,0,2.9649,0.1449,2.9649,0,2.8766,2.0355,0.0084
1.652,0,0,0,0,2.9655,0.1606,2.9655,0,2.8772,2.0333,0.0085
1.653,0,0,0,0,2.9667,0.1776,2.9667,0,2.8784,2.0314,0.0086
1.654,0,0,0,0,2.968,0.196,2.968,0,2.8796,2.0295,0.0087
1.655,0,0,0,0,2.9686,0.2158,2.9686,0,2.8802,2.0272,0.0088
1.656,0,0,0,0,2.9689,0.2371,2.9689,0,2.8805,2.0247,0.0089
1.657,0,0,0,0,2.9693,0.2599,2.9693,0,2.8809,2.0223,0.009
1.658,0,0,0,0,2.9697,0.2843,2.9697,0,2.8813,2.0199,0.0091
1.659,0,0,0,0,2.97,0.3104,2.97,0,2.8816,2.0173,0.0092
1.66,0,0,0,0,2.9705,0.3381,2.9705,0,2.8821,2.015,0.0093
1.661,0,0,0,0,2.9717,0.3675,2.9717,0,2.8832,2.0131,0.0094
1.662,0,0,0,0,2.9728,0.3988,2.9728,0,2.8843,2.0111,0.0095
1.663,0,0,0,0,2.9733,0.4316,2.9733,0,2.8848,2.0087,0.0096
1.664,0,0,0,0,2.9735,0.4662,2.9735,0,2.885,2.0062,0.0097
1.665,0,0,0,0,2.9739,0.5026,2.9739,0,2.8853,2.0037,0.0098
1.666,0,0,0,0,2.9742,0.5406,2.9742,0,2.8856,2.0012,0.0099
1.667,0,0,0,0,2.9744,0.5804,2.9744,0,2.8858,1.9986,0.01
1.668,0,0,0,0,2.9749,0.6219,2.9749,0,2.8863,1.9962,0.0101
1.669,0,0,0,0,2.9759,0.6651,2.9759,0,2.8873,1.9942,0.0102
1.67,0,0,0,0,2.977,0.71,2.977,0,2.8883,1.9922,0.0103
1.671,0,0,0,0,2.9774,0.7562,2.9774,0,2.8888,1.9898,0.0104
1.672,0,0,0,0,2.9776,0.8039,2.9776,0,2.8889,1.9872,0.0105
1.673,0,0,0,0,2.9778,0.8529,2.9778,0,2.8891,1.9846,0.0106
1.674,0,0,0,0,2.9781,0.9033,2.9781,0,2.8895,1.9821,0.0107
1.675,0,0,0,0,2.9784,0.9548,2.9784,0,2.8897,1.9796,0.0108
1.676,0,0,0,0,2.9787,1.0074,2.9787,0,2.89,1.9771,0.0109
1.677,0,0,0,0,2.979,1.061,2.979,0,2.8903,1.9745,0.0111
1.678,0,0,0,0,2.9792,1.1154,2.9792,0,2.8905,1.972,0.0112
1.679,0,0,0,0,2.9793,1.1705,2.9793,0,2.8906,1.9693,0.0113
1.68,0,0,0,0,2.9797,1.2262,2.9797,0,2.8909,1.9669,0.0114
1.681,0,0,0,0,2.9807,1.2827,2.9807,0,2.8919,1.9648,0.0115
1.682,0,0,0,0,2.9816,1.3395,2.9817,0,2.8929,1.9628,0.0116
1.683,0,0,0,0,2.982,1.3962,2.982,0,2.8933,1.9603,0.0117
1.684,0,0,0,0,2.9821,1.4527,2.9821,0,2.8933,1.9577,0.0118
1.685,0,0,0,0,2.9823,1.5092,2.9823,0,2.8935,1.9551,0.012
1.686,0,0,0,0,2.9825,1.5654,2.9826,0,2.8938,1.9525,0.0121
1.687,0,0,0,0,2.9828,1.6212,2.9828,0,2.894,1.95,0.0122
1.688,0,0,0,0,2.983,1.6764,2.983,0,2.8942,1.9474,0.0123
1.689,0,0,0,0,2.9832,1.7309,2.9832,0,2.8944,1.9449,0.0124
1.69,0,0,0,0,2.9834,1.7846,2.9835,0,2.8946,1.9423,0.0125
1.691,0,0,0,0,2.9836,1.8374,2.9837,0,2.8948,1.9397,0.0127
1.692,0,0,0,0,2.9838,1.889,2.9839,0,2.8951,1.9372,0.0128
1.693,0,0,0,0,2.984,1.9396,2.9842,0,2.8953,1.9346,0.0129
1.694,0,0,0,0,2.9842,1.9888,2.9843,0,2.8955,1.932,0.013
1.695,0,0,0,0,2.9842,2.0365,2.9844,0,2.8956,1.9294,0.0131
1.696,0,0,0,0,2.9845,2.0831,2.9848,0,2.8959,1.9269,0.0133
1.697,0,0,0,0,2.9855,2.1285,2.9858,0,2.8969,1.9249,0.0134
1.698,0,0,0,0,2.9864,2.1724,2.9868,0,2.8978,1.9228,0.0135
1.699,0,0,0,0,2.9867,2.2142,2.9871,0,2.8982,1.9203,0.0136
1.7,0,0,0,0,2.9867,2.2542,2.9872,0,2.8983,1.9177,0.0138
1.701,0,0,0,0,2.987,2.2927,2.9876,0,2.8987,1.9152,0.0139
1.702,0,0,0,0,2.9872,2.3294,2.988,0,2.899,1.9128,0.014
1.703,0,0,0,0,2.9873,2.3644,2.9883,0,2.8993,1.9103,0.0141
1.704,0,0,0,0,2.9877,2.3978,2.9888,0,2.8998,1.9079,0.0143
1.705,0,0,0,0,2.9887,2.43,2.99,0,2.901,1.906,0.0144
1.706,0,0,0,0,2.9896,2.4605,2.9912,0,2.9021,1.904,0.0145
1.707,0,0,0,0,2.9899,2.4888,2.9917,0,2.9027,1.9017,0.0147
1.708,0,0,0,0,2.9898,2.5152,2.992,0,2.9029,1.8992,0.0148
1.709,0,0,0,0,2.9898,2.5401,2.9924,0,2.9033,1.8967,0.0149
1.71,0,0,0,0,2.9898,2.5634,2.9928,0,2.9037,1.8943,0.0151
1.711,0,0,0,0,2.9897,2.5852,2.9933,0,2.9042,1.8919,0.0152
1.712,0,0,0,0,2.9894,2.6055,2.9937,0,2.9045,1.8895,0.0154
1.713,0,0,0,0,2.9891,2.6244,2.9941,0,2.9049,1.887,0.0155
1.714,0,0,0,0,2.9887,2.6419,2.9945,0,2.9053,1.8846,0.0156
1.715,0,0,0,0,2.9882,2.6581,2.995,0,2.9058,1.8822,0.0158
1.716,0,0,0,0,2.9875,2.673,2.9953,0,2.9061,1.8798,0.0159
1.717,0,0,0,0,2.9865,2.6866,2.9956,0,2.9064,1.8772,0.016
1.718,0,0,0,0,2.9856,2.6994,2.9961,0,2.9069,1.8749,0.0162
1.719,0,0,0,0,2.9851,2.7116,2.9973,0,2.908,1.8729,0.0163
1.72,0,0,0,0,2.9844,2.7229,2.9984,0,2.9091,1.871,0.0165
1.721,0,0,0,0,2.9829,2.7327,2.999,0,2.9097,1.8686,0.0166
1.722,0,0,0,0,2.9807,2.7413,2.9992,0,2.9099,1.8661,0.0168
1.723,0,0,0,0,2.9784,2.7492,2.9995,0,2.9102,1.8636,0.0169
1.724,0,0,0,0,2.9758,2.7565,2.9999,0,2.9106,1.8612,0.017
1.725,0,0,0,0,2.9728,2.763,3.0002,0,2.9109,1.8587,0.0172
1.726,0,0,0,0,2.9693,2.7688,3.0006,0,2.9112,1.8562,0.0173
1.727,0,0,0,0,2.9654,2.7741,3.0009,0,2.9115,1.8537,0.0175
1.728,0,0,0,0,2.9611,2.7788,3.0012,0,2.9119,1.8513,0.0176
1.729,0,0,0,0,2.9561,2.7831,3.0015,0,2.9121,1.8488,0.0178
1.73,0,0,0,0,2.9506,2.7869,3.0018,0,2.9124,1.8463,0.0179
1.731,0,0,0,0,2.9445,2.7903,3.0021,0,2.9127,1.8438,0.0181
1.732,0,0,0,0,2.9376,2.7933,3.0024,0,2.913,1.8413,0.0182
1.733,0,0,0,0,2.9299,2.7958,3.0025,0,2.9131,1.8387,0.0184
1.734,0,0,0,0,2.9216,2.7983,3.0029,0,2.9134,1.8363,0.0185
1.735,0,0,0,0,2.9131,2.8011,3.0038,0,2.9144,1.8342,0.0187
1.736,0,0,0,0,2.9037,2.8036,3.0048,0,2.9153,1.8321,0.0189
1.737,0,0,0,0,2.8927,2.8054,3.0052,0,2.9157,1.8297,0.019
1.738,0,0,0,0,2.8804,2.8066,3.0052,0,2.9157,1.827,0.0192
1.739,0,0,0,0,2.8671,2.8078,3.0053,0,2.9158,1.8244,0.0193
1.74,0,0,0,0,2.8528,2.8089,3.0055,0,2.916,1.8219,0.0195
1.741,0,0,0,0,2.8372,2.8098,3.0056,0,2.9161,1.8193,0.0196
1.742,0,0,0,0,2.8203,2.8106,3.0057,0,2.9161,1.8167,0.0198
1.743,0,0,0,0,2.8021,2.8113,3.0058,0,2.9162,1.8141,0.02
1.744,0,0,0,0,2.7825,2.8119,3.0058,0,2.9162,1.8115,0.0201
1.745,0,0,0,0,2.7614,2.8122,3.0057,0,2.9161,1.8088,0.0203
1.746,0,0,0,0,2.739,2.8127,3.0059,0,2.9162,1.8062,0.0204
1.747,0,0,0,0,2.7156,2.8138,3.0067,0,2.9169,1.8041,0.0206
1.748,0,0,0,0,2.6907,2.8147,3.0074,0,2.9175,1.8019,0.0208
1.749,0,0,0,0,2.6636,2.815,3.0075,0,2.9175,1.7993,0.0209
1.75,0,0,0,0,2.6346,2.815,3.0073,0,2.9172,1.7965,0.0211
1.751,0,0,0,0,2.6039,2.8149,3.007,0,2.9167,1.7937,0.0213
1.752,0,0,0,0,2.5716,2.8148,3.0067,0,2.9163,1.7909,0.0214
1.753,0,0,0,0,2.5376,2.8147,3.0065,0,2.9158,1.7881,0.0216
1.754,0,0,0,0,2.5018,2.8144,3.0061,0,2.9151,1.7853,0.0218
1.755,0,0,0,0,2.4642,2.814,3.0056,0,2.9141,1.7823,0.0219
1.756,0,0,0,0,2.4252,2.8139,3.0054,0,2.9133,1.7796,0.0221
1.757,0,0,0,0,2.385,2.8143,3.0057,0,2.913,1.7771,0.0223
1.758,0,0,0,0,2.3431,2.8146,3.006,0,2.9125,1.7747,0.0224
1.759,0,0,0,0,2.2992,2.8144,3.0058,0,2.9111,1.7719,0.0226
1.76,0,0,0,0,2.2535,2.8138,3.0051,0,2.9092,1.7689,0.0228
1.761,0,0,0,0,2.2064,2.8133,3.0046,0,2.9071,1.766,0.0229
1.762,0,0,0,0,2.1579,2.8129,3.0041,0,2.9047,1.7631,0.0231
1.763,0,0,0,0,2.108,2.8125,3.0036,0,2.9019,1.7602,0.0233
1.764,0,0,0,0,2.0569,2.812,3.0031,0,2.8985,1.7573,0.0234
1.765,0,0,0,0,2.0045,2.8115,3.0025,0,2.8946,1.7543,0.0236
1.766,0,0,0,0,1.9511,2.8109,3.0019,0,2.89,1.7514,0.0238
1.767,0,0,0,0,1.8967,2.8104,3.0014,0,2.8846,1.7485,0.024
1.768,0,0,0,0,1.8415,2.8099,3.0008,0,2.8783,1.7455,0.0241
1.769,0,0,0,0,1.7855,2.8093,3.0002,0,2.8711,1.7426,0.0243
1.77,0,0,0,0,1.7288,2.8087,2.9996,0,2.8626,1.7396,0.0245
1.771,0,0,0,0,1.6717,2.8082,2.999,0,2.8529,1.7367,0.0247
1.772,0,0,0,0,1.6142,2.8076,2.9984,0,2.8418,1.7338,0.0248
1.773,0,0,0,0,1.5564,2.807,2.9977,0,2.829,1.7308,0.025
1.774,0,0,0,0,1.4986,2.8064,2.9971,0,2.8145,1.7279,0.0252
1.775,0,0,0,0,1.4407,2.8059,2.9965,0,2.798,1.7249,0.0254
1.776,0,0,0,0,1.383,2.8053,2.9959,0,2.7794,1.722,0.0256
1.777,0,0,0,0,1.3256,2.8047,2.9952,0,2.7584,1.7191,0.0257
1.778,0,0,0,0,1.2686,2.8041,2.9946,0,2.735,1.7161,0.0259
1.779,0,0,0,0,1.2122,2.8036,2.994,0,2.7089,1.7132,0.0261
1.78,0,0,0,0,1.1564,2.803,2.9934,0,2.6798,1.7103,0.0263
1.781,0,0,0,0,1.1014,2.8022,2.9926,0,2.6477,1.7073,0.0265
1.782,0,0,0,0,1.0474,2.8018,2.9922,0,2.6126,1.7045,0.0266
1.783,0,0,0,0,0.9946,2.802,2.9923,0,2.5748,1.702,0.0268
1.784,0,0,0,0,0.9429,2.8021,2.9925,0,2.5336,1.6996,0.027
1.785,0,0,0,0,0.8922,2.8017,2.9921,0,2.4884,1.6968,0.0272
1.786,0,0,0,0,0.8427,2.8011,2.9914,0,2.4394,1.6938,0.0274
1.787,0,0,0,0,0.7946,2.8005,2.9908,0,2.387,1.6909,0.0276
1.788,0,0,0,0,0.7479,2.8001,2.9903,0,2.3312,1.6881,0.0278
1.789,0,0,0,0,0.7028,2.7996,2.9898,0,2.2718,1.6853,0.028
1.79,0,0,0,0,0.6592,2.7991,2.9893,0,2.2092,1.6824,0.0282
1.791,0,0,0,0,0.6172,2.7986,2.9888,0,2.1433,1.6796,0.0284
1.792,0,0,0,0,0.5769,2.7982,2.9883,0,2.0744,1.6768,0.0285
1.793,0,0,0,0,0.5382,2.7978,2.9879,0,2.0027,1.6741,0.0287
1.794,0,0,0,0,0.5012,2.7974,2.9874,0,1.9285,1.6713,0.0289
1.795,0,0,0,0,0.4659,2.797,2.987,0,1.852,1.6685,0.0291
1.796,0,0,0,0,0.4323,2.7967,2.9867,0,1.7736,1.6658,0.0293
1.797,0,0,0,0,0.4003,2.7965,2.9865,0,1.6938,1.6632,0.0295
1.798,0,0,0,0,0.37,2.796,2.986,0,1.6125,1.6604,0.0297
1.799,0,0,0,0,0.3413,2.795,2.9849,0,1.5302,1.6572,0.0299
1.8,0,0,0,0,0.3142,2.7941,2.9839,0,1.4475,1.6542,0.0301
1.801,0,0,0,0,0.2888,2.794,2.9838,0,1.3653,1.6516,0.0303
1.802,0,0,0,0,0.2649,2.7939,2.9837,0,1.2836,1.6491,0.0305
1.803,0,0,0,0,0.2425,2.7932,2.983,0,1.2024,1.6462,0.0307
1.804,0,0,0,0,0.2216,2.7925,2.9822,0,1.1224,1.6432,0.0309
1.805,0,0,0,0,0.2021,2.7923,2.982,0,1.0443,1.6406,0.0311
1.806,0,0,0,0,0.1839,2.7925,2.9822,0,0.9683,1.6382,0.0313
1.807,0,0,0,0,0.1671,2.7925,2.9822,0,0.8945,1.6358,0.0315
1.808,0,0,0,0,0.1515,2.7926,2.9823,0,0.8233,1.6333,0.0318
1.809,0,0,0,0,0.1371,2.7928,2.9825,0,0.7549,1.6309,0.032
1.81,0,0,0,0,0.1238,2.7928,2.9825,0,0.6895,1.6284,0.0322
1.811,0,0,0,0,0.1116,2.7921,2.9818,0,0.6272,1.6256,0.0324
1.812,0,0,0,0,0.1003,2.7916,2.9812,0,0.5684,1.6228,0.0326
1.813,0,0,0,0,0.09,2.7917,2.9814,0,0.5131,1.6204,0.0328
1.814,0,0,0,0,0.0807,2.7919,2.9815,0,0.4614,1.618,0.033
1.815,0,0,0,0,0.0721,2.7914,2.9811,0,0.4131,1.6153,0.0332
1.816,0,0,0,0,0.0643,2.7908,2.9804,0,0.3683,1.6124,0.0335
1.817,0,0,0,0,0.0572,2.7907,2.9803,0,0.3271,1.6099,0.0337
1.818,0,0,0,0,0.0509,2.7912,2.9809,0,0.2893,1.6078,0.0339
1.819,0,0,0,0,0.0451,2.7922,2.9819,0,0.2549,1.6059,0.0341
1.82,0,0,0,0,0.0399,2.7931,2.9829,0,0.2236,1.6039,0.0344
1.821,0,0,0,0,0.0353,2.7935,2.9833,0,0.1953,1.6017,0.0346
1.822,0,0,0,0,0.0311,2.7936,2.9834,0,0.1698,1.5993,0.0348
1.823,0,0,0,0,0.0273,2.7938,2.9836,0,0.147,1.597,0.035
1.824,0,0,0,0,0.024,2.7942,2.984,0,0.1268,1.5947,0.0353
1.825,0,0,0,0,0.021,2.7944,2.9843,0,0.1088,1.5924,0.0355
1.826,0,0,0,0,0.0183,2.7947,2.9846,0,0.093,1.5901,0.0357
1.827,0,0,0,0,0.016,2.795,2.9849,0,0.0791,1.5878,0.036
1.828,0,0,0,0,0.0139,2.7953,2.9852,0,0.067,1.5856,0.0362
1.829,0,0,0,0,0.0121,2.7956,2.9856,0,0.0565,1.5833,0.0364
1.83,0,0,0,0,0.0105,2.796,2.9859,0,0.0474,1.581,0.0367
1.831,0,0,0,0,0.009,2.7963,2.9863,0,0.0396,1.5788,0.0369
1.832,0,0,0,0,0.0078,2.7966,2.9866,0,0.0329,1.5765,0.0371
1.833,0,0,0,0,0.0067,2.7969,2.987,0,0.0273,1.5743,0.0374
1.834,0,0,0,0,0.0058,2.7973,2.9873,0,0.0225,1.5721,0.0376
1.835,0,0,0,0,0.0049,2.7976,2.9877,0,0.0184,1.5698,0.0378
1.836,0,0,0,0,0.0042,2.798,2.988,0,0.0151,1.5676,0.0381
1.837,0,0,0,0,0.0036,2.7983,2.9884,0,0.0122,1.5653,0.0383
1.838,0,0,0,0,0.0031,2.7986,2.9888,0,0.0099,1.5631,0.0386
1.839,0,0,0,0,0.0026,2.799,2.9891,0,0.008,1.5609,0.0388
1.84,0,0,0,0,0.0022,2.7993,2.9895,0,0.0064,1.5586,0.039
1.841,0,0,0,0,0.0019,2.7997,2.9899,0,0.0051,1.5564,0.0393
1.842,0,0,0,0,0.0016,2.8,2.9902,0,0.0041,1.5542,0.0395
1.843,0,0,0,0,0.0013,2.8003,2.9906,0,0.0032,1.552,0.0398
1.844,0,0,0,0,0.0011,2.8007,2.9909,0,0.0025,1.5497,0.04
1.845,0,0,0,0,0.0009,2.801,2.9913,0,0.002,1.5475,0.0403
1.846,0,0,0,0,0.0008,2.8013,2.9916,0,0.0015,1.5453,0.0405
1.847,0,0,0,0,0.0007,2.8017,2.992,0,0.0012,1.543,0.0408
1.848,0,0,0,0,0.0005,2.802,2.9923,0,0.0009,1.5408,0.041
1.849,0,0,0,0,0.0005,2.8023,2.9927,0,0.0007,1.5385,0.0413
1.85,0,0,0,0,0.0004,2.8026,2.993,0,0.0005,1.5363,0.0415
1.851,0,0,0,0,0.0003,2.8029,2.9933,0,0.0004,1.534,0.0418
1.852,0,0,0,0,0.0003,2.8032,2.9936,0,0.0003,1.5317,0.042
1.853,0,0,0,0,0.0002,2.8034,2.9939,0,0.0002,1.5295,0.0423
1.854,0,0,0,0,0.0002,2.8037,2.9942,0,0.0002,1.5272,0.0425
1.855,0,0,0,0,0.0001,2.804,2.9945,0,0.0001,1.5249,0.0428
1.856,0,0,0,0,0.0001,2.8043,2.9948,0.0001,0.0001,1.5226,0.043
1.857,0,0,0,0,0.0001,2.8046,2.9951,0.0001,0.0001,1.5203,0.0433
1.858,0,0,0,0,0.0001,2.8049,2.9954,0.0001,0.0001,1.518,0.0436
1.859,0,0,0,0,0.0001,2.8052,2.9958,0.0001,0,1.5156,0.0438
1.86,0,0,0,0,0.0001,2.8055,2.996,0.0001,0,1.5133,0.0441
1.861,0,0,0,0,0,2.8056,2.9962,0.0001,0,1.5108,0.0443
1.862,0,0,0,0,0,2.806,2.9967,0.0002,0,1.5085,0.0446
1.863,0,0,0,0,0,2.807,2.9977,0.0002,0,1.5064,0.0448
1.864,0,0,0,0,0,2.808,2.9988,0.0002,0,1.5043,0.0451
1.865,0,0,0,0,0,2.8084,2.9992,0.0003,0,1.5019,0.0454
1.866,0,0,0,0,0,2.8086,2.9994,0.0003,0,1.4993,0.0456
1.867,0,0,0,0,0,2.8089,2.9997,0.0004,0,1.4967,0.0459
1.868,0,0,0,0,0,2.8091,3,0.0005,0,1.494,0.0461
1.869,0,0,0,0,0,2.8093,3.0001,0.0005,0,1.4913,0.0464
1.87,0,0,0,0,0,2.8097,3.0005,0.0006,0,1.4886,0.0466
1.871,0,0,0,0,0,2.8106,3.0016,0.0008,0,1.4861,0.0469
1.872,0,0,0,0,0,2.8116,3.0026,0.0009,0,1.4835,0.0472
1.873,0,0,0,0,0,2.812,3.003,0.001,0,1.4806,0.0474
1.874,0,0,0,0,0,2.8121,3.0031,0.0012,0,1.4773,0.0476
1.875,0,0,0,0,0,2.8123,3.0034,0.0014,0,1.4741,0.0479
1.876,0,0,0,0,0,2.8126,3.0036,0.0017,0,1.4707,0.0481
1.877,0,0,0,0,0,2.8128,3.0039,0.0019,0,1.4672,0.0483
1.878,0,0,0,0,0,2.813,3.0041,0.0023,0,1.4635,0.0486
1.879,0,0,0,0,0,2.8132,3.0043,0.0026,0,1.4597,0.0488
1.88,0,0,0,0,0,2.8134,3.0045,0.003,0,1.4556,0.049
1.881,0,0,0,0,0,2.8136,3.0047,0.0035,0,1.4514,0.0492
1.882,0,0,0,0,0,2.8138,3.0049,0.0041,0,1.4469,0.0494
1.883,0,0,0,0,0,2.814,3.0051,0.0047,0,1.4423,0.0496
1.884,0,0,0,0,0,2.8141,3.0053,0.0054,0,1.4373,0.0498
1.885,0,0,0,0,0,2.8142,3.0054,0.0062,0,1.4321,0.05
1.886,0,0,0,0,0,2.8144,3.0056,0.0071,0,1.4266,0.0501
1.887,0,0,0,0,0,2.8147,3.0059,0.0081,0,1.4208,0.0503
1.888,0,0,0,0,0,2.8147,3.0059,0.0093,0,1.4146,0.0504
1.889,0,0,0,0,0,2.8141,3.0052,0.0106,0,1.4077,0.0505
1.89,0,0,0,0,0,2.8134,3.0046,0.0121,0,1.4005,0.0506
1.891,0,0,0,0,0,2.8134,3.0045,0.0137,0,1.3931,0.0507
1.892,0,0,0,0,0,2.8136,3.0047,0.0156,0,1.3855,0.0508
1.893,0,0,0,0,0,2.8137,3.0049,0.0176,0,1.3773,0.0508
1.894,0,0,0,0,0,2.8137,3.0049,0.0199,0,1.3686,0.0509
1.895,0,0,0,0,0,2.8137,3.0049,0.0225,0,1.3595,0.0509
1.896,0,0,0,0,0,2.8138,3.0049,0.0253,0,1.3499,0.0509
1.897,0,0,0,0,0,2.8138,3.0049,0.0285,0,1.3397,0.0508
1.898,0,0,0,0,0,2.8137,3.0049,0.032,0,1.3289,0.0508
1.899,0,0,0,0,0,2.8137,3.0049,0.0358,0,1.3176,0.0507
1.9,0,0,0,0,0,2.8137,3.0048,0.0401,0,1.3057,0.0506
1.901,0,0,0,0,0,2.8136,3.0047,0.0448,0,1.2932,0.0504
1.902,0,0,0,0,0,2.8134,3.0046,0.0499,0,1.28,0.0503
1.903,0,0,0,0,0,2.8133,3.0044,0.0556,0,1.2662,0.0501
1.904,0,0,0,0,0,2.8132,3.0043,0.0618,0,1.2517,0.0498
1.905,0,0,0,0,0,2.813,3.0041,0.0685,0,1.2366,0.0496
1.906,0,0,0,0,0,2.8128,3.0039,0.0759,0,1.2208,0.0493
1.907,0,0,0,0,0,2.8125,3.0035,0.0838,0,1.2043,0.0489
1.908,0,0,0,0,0,2.8124,3.0035,0.0925,0,1.1873,0.0486
1.909,0,0,0,0,0,2.8129,3.004,0.102,0,1.1698,0.0482
1.91,0,0,0,0,0,2.8133,3.0045,0.1122,0,1.1516,0.0478
1.911,0,0,0,0,0,2.8132,3.0043,0.1232,0,1.1326,0.0473
1.912,0,0,0,0,0,2.8128,3.0039,0.135,0,1.1128,0.0468
1.913,0,0,0,0,0,2.8124,3.0035,0.1478,0,1.0924,0.0462
1.914,0,0,0,0,0,2.8121,3.0032,0.1614,0,1.0714,0.0456
1.915,0,0,0,0,0,2.8118,3.0028,0.1761,0,1.0498,0.045
1.916,0,0,0,0,0,2.8114,3.0024,0.1918,0,1.0276,0.0444
1.917,0,0,0,0,0,2.8111,3.0021,0.2085,0,1.005,0.0437
1.918,0,0,0,0,0,2.8106,3.0016,0.2263,0,0.9817,0.043
1.919,0,0,0,0,0,2.8101,3.001,0.2452,0,0.958,0.0422
1.92,0,0,0,0,0,2.8098,3.0006,0.2653,0,0.9339,0.0414
1.921,0,0,0,0,0,2.81,3.0009,0.2867,0,0.9096,0.0406
1.922,0,0,0,0,0,2.8102,3.0011,0.3093,0,0.885,0.0398
1.923,0,0,0,0,0,2.8098,3.0007,0.333,0,0.8598,0.0389
1.924,0,0,0,0,0,2.8091,2.9999,0.358,0,0.8343,0.038
1.925,0,0,0,0,0,2.8084,2.9992,0.3843,0,0.8086,0.0371
1.926,0,0,0,0,0,2.8078,2.9985,0.4118,0,0.7827,0.0361
1.927,0,0,0,0,0,2.807,2.9977,0.4407,0,0.7567,0.0351
1.928,0,0,0,0,0,2.8063,2.9969,0.4708,0,0.7307,0.0342
1.929,0,0,0,0,0,2.8055,2.9961,0.5023,0,0.7046,0.0332
1.93,0,0,0,0,0,2.8045,2.9951,0.535,0,0.6786,0.0321
1.931,0,0,0,0,0,2.8034,2.9939,0.5689,0,0.6526,0.0311
1.932,0,0,0,0,0,2.8025,2.9929,0.6042,0,0.6268,0.0301
1.933,0,0,0,0,0,2.8021,2.9925,0.6409,0,0.6013,0.029
1.934,0,0,0,0,0,2.8015,2.9919,0.6787,0,0.5761,0.028
1.935,0,0,0,0,0,2.8002,2.9904,0.7176,0,0.551,0.027
1.936,0,0,0,0,0,2.7987,2.9888,0.7576,0,0.5262,0.0259
1.937,0,0,0,0,0,2.7978,2.9879,0.7989,0,0.5019,0.0249
1.938,0,0,0,0,0,2.7968,2.9868,0.8412,0,0.4781,0.0239
1.939,0,0,0,0,0,2.7949,2.9848,0.8843,0,0.4546,0.0228
1.94,0,0,0,0,0,2.7927,2.9825,0.9283,0,0.4316,0.0218
1.941,0,0,0,0,0,2.791,2.9806,0.9734,0,0.4092,0.0208
1.942,0,0,0,0,0,2.7894,2.9789,1.0193,0,0.3874,0.0198
1.943,0,0,0,0,0,2.7873,2.9767,1.0659,0,0.3662,0.0189
1.944,0,0,0,0,0,2.7851,2.9743,1.1132,0,0.3456,0.0179
1.945,0,0,0,0,0,2.7826,2.9717,1.161,0,0.3257,0.017
1.946,0,0,0,0,0,2.7796,2.9685,1.2093,0,0.3064,0.0161
1.947,0,0,0,0,0,2.7757,2.9643,1.2576,0,0.2877,0.0152
1.948,0,0,0,0,0,2.7715,2.9598,1.3062,0,0.2697,0.0143
1.949,0,0,0,0,0,2.7674,2.9554,1.3553,0,0.2525,0.0135
1.95,0,0,0,0,0,2.7632,2.9509,1.4046,0,0.236,0.0127
1.951,0,0,0,0,0,2.7587,2.9461,1.454,0,0.2202,0.0119
1.952,0,0,0,0,0,2.7532,2.9403,1.5031,0,0.2051,0.0112
1.953,0,0,0,0,0,2.7468,2.9334,1.5517,0,0.1907,0.0105
1.954,0,0,0,0,0,2.7398,2.9259,1.6,0,0.177,0.0098
1.955,0,0,0,0,0,2.7329,2.9186,1.6484,0,0.1641,0.0091
1.956,0,0,0,0,0,2.7254,2.9106,1.6963,0,0.1518,0.0085
1.957,0,0,0,0,0,2.7167,2.9013,1.7433,0,0.1402,0.0079
1.958,0,0,0,0,0,2.707,2.8909,1.7895,0,0.1292,0.0073
1.959,0,0,0,0,0,2.6967,2.8799,1.8351,0,0.1189,0.0068
1.96,0,0,0,0,0,2.6857,2.8682,1.8799,0,0.1092,0.0063
1.961,0,0,0,0,0,2.6739,2.8555,1.9238,0,0.1001,0.0058
1.962,0,0,0,0,0,2.6612,2.842,1.9668,0,0.0917,0.0053
1.963,0,0,0,0,0,2.6476,2.8275,2.0089,0,0.0837,0.0049
1.964,0,0,0,0,0,2.6331,2.812,2.0498,0,0.0764,0.0045
1.965,0,0,0,0,0,2.6175,2.7953,2.0895,0,0.0695,0.0041
1.966,0,0,0,0,0,2.6012,2.7779,2.1284,0,0.0632,0.0038
1.967,0,0,0,0,0,2.5843,2.7599,2.1664,0,0.0573,0.0034
1.968,0,0,0,0,0,2.5665,2.7408,2.2033,0,0.0519,0.0031
1.969,0,0,0,0,0,2.5469,2.72,2.2385,0,0.0469,0.0028
1.97,0,0,0,0,0,2.5261,2.6977,2.2722,0,0.0423,0.0026
1.971,0,0,0,0,0,2.5041,2.6742,2.3047,0,0.0381,0.0023
1.972,0,0,0,0,0,2.4811,2.6496,2.3359,0,0.0343,0.0021
1.973,0,0,0,0,0,2.4568,2.6237,2.3659,0,0.0307,0.0019
1.974,0,0,0,0,0,2.4314,2.5966,2.3945,0,0.0275,0.0017
1.975,0,0,0,0,0,2.4047,2.5681,2.4218,0,0.0246,0.0015
1.976,0,0,0,0,0,2.3768,2.5383,2.4478,0,0.022,0.0014
1.977,0,0,0,0,0,2.3477,2.5072,2.4725,0,0.0196,0.0012
1.978,0,0,0,0,0,2.3173,2.4748,2.496,0,0.0174,0.0011
1.979,0,0,0,0,0,2.2857,2.441,2.5182,0,0.0154,0.001
1.98,0,0,0,0,0,2.253,2.406,2.5392,0,0.0137,0.0009
1.981,0,0,0,0,0,2.219,2.3697,2.5591,0,0.0121,0.0008
1.982,0,0,0,0,0,2.1838,2.3322,2.5777,0,0.0106,0.0007
1.983,0,0,0,0,0,2.1475,2.2934,2.5953,0,0.0094,0.0006
1.984,0,0,0,0,0,2.11,2.2534,2.6117,0,0.0082,0.0005
1.985,0,0,0,0,0,2.0715,2.2122,2.6271,0,0.0072,0.0005
1.986,0,0,0,0,0,2.0319,2.1699,2.6415,0,0.0063,0.0004
1.987,0,0,0,0,0,1.9913,2.1266,2.655,0,0.0055,0.0004
1.988,0,0,0,0,0,1.9497,2.0822,2.6674,0,0.0048,0.0003
1.989,0,0,0,0,0,1.9073,2.0368,2.679,0,0.0042,0.0003
1.99,0,0,0,0,0,1.864,1.9906,2.6898,0,0.0036,0.0003
1.991,0,0,0,0,0,1.8199,1.9435,2.6997,0,0.0032,0.0002
1.992,0,0,0,0,0,1.775,1.8956,2.7089,0,0.0027,0.0002
1.993,0,0,0,0,0,1.7296,1.8471,2.7174,0,0.0024,0.0002
1.994,0,0,0,0,0,1.6836,1.7979,2.7252,0,0.002,0.0001
1.995,0,0,0,0,0,1.6371,1.7483,2.7324,0,0.0018,0.0001
1.996,0,0,0,0,0,1.5901,1.6981,2.7389,0,0.0015,0.0001
1.997,0,0,0,0,0,1.5428,1.6476,2.7447,0,0.0013,0.0001
1.998,0,0,0,0,0,1.4953,1.5969,2.7503,0,0.0011,0.0001
1.999,0,0,0,0,0,1.448,1.5464,2.756,0,0.0009,0.0001
2,0,0,0,0,0,1.4006,1.4957,2.7612,0,0.0008,0.0001
2.001,0,0,0,0,0,1.3529,1.4448,2.7655,0,0.0007,0.0001
2.002,0,0,0,0,0,1.3051,1.3938,2.769,0,0.0006,0
2.003,0,0,0,0,0,1.2576,1.343,2.7723,0,0.0005,0
2.004,0,0,0,0,0,1.2104,1.2926,2.7754,0,0.0004,0
2.005,0,0,0,0,0,1.1635,1.2425,2.7781,0,0.0003,0
2.006,0,0,0,0,0,1.117,1.1929,2.7805,0,0.0003,0
2.007,0,0,0,0,0,1.071,1.1438,2.7827,0,0.0002,0
2.008,0,0,0,0,0,1.0257,1.0954,2.7847,0,0.0002,0
2.009,0,0,0,0,0,0.981,1.0476,2.7864,0,0.0002,0
2.01,0,0,0,0,0,0.937,1.0007,2.788,0,0.0001,0
2.011,0,0,0,0,0,0.8939,0.9546,2.7894,0,0.0001,0
2.012,0,0,0,0,0,0.8516,0.9094,2.7906,0,0.0001,0
2.013,0,0,0,0,0,0.8102,0.8652,2.7917,0,0.0001,0
2.014,0,0,0,0,0,0.7698,0.8221,2.7927,0,0.0001,0
2.015,0,0,0,0,0,0.7304,0.78,2.7935,0,0.0001,0
2.016,0,0,0,0,0,0.692,0.7391,2.7943,0,0,0
2.017,0,0,0,0,0,0.6548,0.6993,2.7949,0,0,0
2.018,0,0,0,0,0,0.6187,0.6608,2.7955,0,0,0
2.019,0,0,0,0,0,0.5838,0.6235,2.796,0,0,0
2.02,0,0,0,0,0,0.5501,0.5875,2.7965,0,0,0
2.021,0,0,0,0,0,0.5176,0.5528,2.7969,0,0,0
2.022,0,0,0,0,0,0.4863,0.5193,2.7972,0,0,0
2.023,0,0,0,0,0,0.4562,0.4872,2.7976,0,0,0
2.024,0,0,0,0,0,0.4274,0.4565,2.7978,0,0,0
2.025,0,0,0,0,0,0.3998,0.427,2.7981,0,0,0
2.026,0,0,0,0,0,0.3735,0.3988,2.7983,0,0,0
2.027,0,0,0,0,0,0.3483,0.372,2.7985,0,0,0
2.028,0,0,0,0,0,0.3244,0.3464,2.7987,0,0,0
2.029,0,0,0,0,0,0.3017,0.3222,2.7989,0,0,0
2.03,0,0,0,0,0,0.2801,0.2991,2.799,0,0,0
2.031,0,0,0,0,0,0.2597,0.2773,2.799,0,0,0
2.032,0,0,0,0,0,0.2404,0.2567,2.7993,0,0,0
2.033,0,0,0,0,0,0.2222,0.2373,2.8002,0,0,0
2.034,0,0,0,0,0,0.2052,0.2191,2.801,0,0,0
2.035,0,0,0,0,0,0.189,0.2019,2.8013,0,0,0
2.036,0,0,0,0,0,0.1739,0.1857,2.8013,0,0,0
2.037,0,0,0,0,0,0.1598,0.1706,2.8013,0,0,0
2.038,0,0,0,0,0,0.1465,0.1565,2.8015,0,0,0
2.039,0,0,0,0,0,0.1342,0.1433,2.8016,0,0,0
2.04,0,0,0,0,0,0.1227,0.131,2.8017,0,0,0
2.041,0,0,0,0,0,0.112,0.1196,2.8019,0,0,0
2.042,0,0,0,0,0,0.1021,0.109,2.802,0,0,0
2.043,0,0,0,0,0,0.0929,0.0992,2.8021,0,0,0
2.044,0,0,0,0,0,0.0844,0.0901,2.8023,0,0,0
2.045,0,0,0,0,0,0.0765,0.0817,2.8024,0,0,0
2.046,0,0,0,0,0,0.0693,0.074,2.8025,0,0,0
2.047,0,0,0,0,0,0.0627,0.0669,2.8027,0,0,0
2.048,0,0,0,0,0,0.0566,0.0604,2.8028,0,0,0
2.049,0,0,0,0,0,0.051,0.0544,2.803,0,0,0
2.05,0,0,0,0,0,0.0459,0.049,2.8031,0,0,0
2.051,0,0,0,0,0,0.0412,0.044,2.8031,0,0,0
2.052,0,0,0,0,0,0.0369,0.0395,2.8034,0,0,0
2.053,0,0,0,0,0,0.0331,0.0353,2.8042,0,0,0
2.054,0,0,0,0,0,0.0296,0.0316,2.805,0,0,0
2.055,0,0,0,0,0,0.0264,0.0282,2.8053,0,0,0
2.056,0,0,0,0,0,0.0235,0.0251,2.8053,0,0,0
2.057,0,0,0,0,0,0.0209,0.0223,2.8054,0,0,0
2.058,0,0,0,0,0,0.0186,0.0198,2.8056,0,0,0
2.059,0,0,0,0,0,0.0165,0.0176,2.8058,0,0,0
2.06,0,0,0,0,0,0.0146,0.0156,2.8059,0,0,0
2.061,0,0,0,0,0,0.0129,0.0138,2.8059,0,0,0
2.062,0,0,0,0,0,0.0114,0.0121,2.8062,0,0,0
2.063,0,0,0,0,0,0.01,0.0107,2.8071,0,0,0
2.064,0,0,0,0,0,0.0088,0.0094,2.808,0,0,0
2.065,0,0,0,0,0,0.0077,0.0082,2.8083,0,0,0
2.066,0,0,0,0,0,0.0068,0.0072,2.8084,0,0,0
2.067,0,0,0,0,0,0.0059,0.0063,2.8085,0,0,0
2.068,0,0,0,0,0,0.0052,0.0055,2.8088,0,0,0
2.069,0,0,0,0,0,0.0045,0.0048,2.809,0,0,0
2.07,0,0,0,0,0,0.0039,0.0042,2.8092,0,0,0
2.071,0,0,0,0,0,0.0034,0.0036,2.8094,0,0,0
2.072,0,0,0,0,0,0.003,0.0032,2.8096,0,0,0
2.073,0,0,0,0,0,0.0026,0.0027,2.8098,0,0,0
2.074,0,0,0,0,0,0.0022,0.0024,2.8101,0,0,0
2.075,0,0,0,0,0,0.0019,0.002,2.8104,0,0,0
2.076,0,0,0,0,0,0.0016,0.0018,2.8106,0,0,0
2.077,0,0,0,0,0,0.0014,0.0015,2.8107,0,0,0
2.078,0,0,0,0,0,0.0012,0.0013,2.8111,0,0,0
2.079,0,0,0,0,0,0.001,0.0011,2.812,0,0,0
2.08,0,0,0,0,0,0.0009,0.001,2.813,0,0,0
2.081,0,0,0,0,0,0.0008,0.0008,2.8134,0,0,0
2.082,0,0,0,0,0,0.0006,0.0007,2.8136,0,0,0
2.083,0,0,0,0,0,0.0006,0.0006,2.8138,0,0,0
2.084,0,0,0,0,0,0.0005,0.0005,2.8141,0,0,0
2.085,0,0,0,0,0,0.0004,0.0004,2.8144,0,0,0
2.086,0,0,0,0,0,0.0003,0.0004,2.8147,0,0,0
2.087,0,0,0,0,0,0.0003,0.0003,2.815,0,0,0
2.088,0,0,0,0,0,0.0002,0.0003,2.8153,0,0,0
2.089,0,0,0,0,0,0.0002,0.0002,2.8157,0,0,0
2.09,0,0,0,0,0,0.0002,0.0002,2.816,0,0,0
2.091,0,0,0,0,0,0.0001,0.0002,2.8163,0,0,0
2.092,0,0,0,0,0,0.0001,0.0001,2.8166,0,0,0
2.093,0,0,0,0,0,0.0001,0.0001,2.817,0,0,0
2.094,0,0,0,0,0,0.0001,0.0001,2.8173,0,0,0
2.095,0,0,0,0,0,0.0001,0.0001,2.8177,0,0,0
2.096,0,0,0,0,0,0.0001,0.0001,2.818,0,0,0
2.097,0,0,0,0,0,0,0.0001,2.8184,0,0,0
2.098,0,0,0,0,0,0,0,2.8187,0,0,0
2.099,0,0,0,0,0,0,0,2.8191,0,0,0
2.1,0,0,0,0,0,0,0,2.8195,0,0,0
2.101,0,0,0,0,0,0,0,2.8199,0,0,0
2.102,0,0,0,0,0,0,0,2.8204,0,0,0
2.103,0,0,0,0,0,0,0,2.8209,0,0,0
2.104,0,0,0,0,0,0,0,2.8214,0,0,0
2.105,0,0,0,0,0,0,0,2.8219,0,0,0
2.106,0,0,0,0,0,0,0,2.8224,0,0,0
2.107,0,0,0,0,0,0,0,2.8229,0,0,0
2.108,0,0,0,0,0,0,0,2.8234,0,0,0
2.109,0,0,0,0,0,0,0,2.8239,0,0,0
2.11,0,0,0,0,0,0,0,2.8245,0,0,0
2.111,0,0,0,0,0,0,0,2.8251,0,0,0
2.112,0,0,0,0,0,0,0,2.8256,0,0,0
2.113,0,0,0,0,0,0,0,2.826,0,0,0
2.114,0,0,0,0,0,0,0,2.8267,0,0,0
2.115,0,0,0,0,0,0,0,2.828,0,0,0
2.116,0,0,0,0,0,0,0,2.8292,0,0,0
2.117,0,0,0,0,0,0,0,2.8299,0,0,0
2.118,0,0,0,0,0,0,0,2.8303,0,0,0
2.119,0,0,0,0,0,0,0,2.831,0,0,0
2.12,0,0,0,0,0,0,0,2.8315,0,0,0
2.121,0,0,0,0,0,0,0,2.8313,0,0,0
2.122,0,0,0,0,0,0,0,2.8311,0,0,0
2.123,0,0,0,0,0,0,0,2.8316,0,0,0
2.124,0,0,0,0,0,0,0,2.8322,0,0,0
2.125,0,0,0,0,0,0,0,2.8327,0,0,0
2.126,0,0,0,0,0,0,0,2.8333,0,0,0
2.127,0,0,0,0,0,0,0,2.8346,0,0,0
2.128,0,0,0,0,0,0,0,2.8358,0,0,0
2.129,0,0,0,0,0,0,0,2.8365,0,0,0
2.13,0,0,0,0,0,0,0,2.8369,0,0,0
2.131,0,0,0,0,0,0,0,2.8373,0,0,0
2.132,0,0,0,0,0,0,0,2.8379,0,0,0
2.133,0,0,0,0,0,0,0,2.8384,0,0,0
2.134,0,0,0,0,0,0,0,2.8388,0,0,0
2.135,0,0,0,0,0,0,0,2.8393,0,0,0
2.136,0,0,0,0,0,0,0,2.8397,0,0,0
2.137,0,0,0,0,0,0,0,2.8402,0,0,0
2.138,0,0,0,0,0,0,0,2.8406,0,0,0
2.139,0,0,0,0,0,0,0,2.8411,0,0,0
2.14,0,0,0,0,0,0,0,2.8414,0,0,0
2.141,0,0,0,0,0,0,0,2.8417,0,0,0
2.142,0,0,0,0,0,0,0,2.8422,0,0,0
2.143,0,0,0,0,0,0,0,2.8432,0,0,0
2.144,0,0,0,0,0,0,0,2.8443,0,0,0
2.145,0,0,0,0,0,0,0,2.8448,0,0,0
2.146,0,0,0,0,0,0,0,2.8449,0,0,0
2.147,0,0,0,0,0,0,0,2.8451,0,0,0
2.148,0,0,0,0,0,0,0,2.8454,0,0,0
2.149,0,0,0,0,0,0,0,2.8457,0,0,0
2.15,0,0,0,0,0,0,0,2.8459,0,0,0
2.151,0,0,0,0,0,0,0,2.846,0,0,0
2.152,0,0,0,0,0,0,0,2.8462,0,0,0
2.153,0,0,0,0,0,0,0,2.8463,0,0,0
2.154,0,0,0,0,0,0,0,2.8464,0,0,0
2.155,0,0,0,0,0,0,0,2.8465,0,0,0
2.156,0,0,0,0,0,0,0,2.8466,0,0,0
2.157,0,0,0,0,0,0,0,2.8466,0,0,0
2.158,0,0,0,0,0,0,0,2.8467,0,0,0
2.159,0,0,0,0,0,0,0,2.8467,0,0,0
2.16,0,0,0,0,0,0,0,2.8467,0,0,0
2.161,0,0,0,0,0,0,0,2.8467,0,0,0
2.162,0,0,0,0,0,0,0,2.8467,0,0,0
2.163,0,0,0,0,0,0,0,2.8465,0,0,0
2.164,0,0,0,0,0,0,0,2.8466,0,0,0
2.165,0,0,0,0,0,0,0,2.8473,0,0,0
2.166,0,0,0,0,0,0,0,2.8479,0,0,0
2.167,0,0,0,0,0,0,0,2.848,0,0,0
2.168,0,0,0,0,0,0,0,2.8477,0,0,0
2.169,0,0,0,0,0,0,0,2.8475,0,0,0
2.17,0,0,0,0,0,0,0,2.8474,0,0,0
2.171,0,0,0,0,0,0,0,2.8473,0,0,0
2.172,0,0,0,0,0,0,0,2.8471,0,0,0
2.173,0,0,0,0,0,0,0,2.847,0,0,0
2.174,0,0,0,0,0,0,0,2.8468,0,0,0
2.175,0,0,0,0,0,0,0,2.8466,0,0,0
2.176,0,0,0,0,0,0,0,2.8464,0,0,0
2.177,0,0,0,0,0,0,0,2.8462,0,0,0
2.178,0,0,0,0,0,0,0,2.8459,0,0,0
2.179,0,0,0,0,0,0,0,2.8457,0,0,0
2.18,0,0,0,0,0,0,0,2.8454,0,0,0
2.181,0,0,0,0,0,0,0,2.8452,0,0,0
2.182,0,0,0,0,0,0,0,2.8449,0,0,0
2.183,0,0,0,0,0,0,0,2.8446,0,0,0
2.184,0,0,0,0,0,0,0,2.8443,0,0,0
2.185,0,0,0,0,0,0,0,2.844,0,0,0
2.186,0,0,0,0,0,0,0,2.8437,0,0,0
2.187,0,0,0,0,0,0,0,2.8434,0,0,0
2.188,0,0,0,0,0,0,0,2.8431,0,0,0
2.189,0,0,0,0,0,0,0,2.8428,0,0,0
2.19,0,0,0,0,0,0,0,2.8424,0,0,0
2.191,0,0,0,0,0,0,0,2.8419,0,0,0
2.192,0,0,0,0,0,0,0,2.8417,0,0,0
2.193,0,0,0,0,0,0,0,2.842,0,0,0
2.194,0,0,0,0,0,0,0,2.8424,0,0,0
2.195,0,0,0,0,0,0,0,2.8422,0,0,0
2.196,0,0,0,0,0,0,0,2.8416,0,0,0
2.197,0,0,0,0,0,0,0,2.841,0,0,0
2.198,0,0,0,0,0,0,0,2.8407,0,0,0
2.199,0,0,0,0,0,0,0,2.8411,0,0,0
2.2,0,0,0,0,0,0,0,2.8413,0,0,0
2.201,0,0,0,0,0,0,0,2.8409,0,0,0
2.202,0,0,0,0,0,0,0,2.8405,0,0,0
2.203,0,0,0,0,0,0,0,2.8407,0,0,0
2.204,0,0,0,0,0,0,0,2.841,0,0,0
2.205,0,0,0,0,0,0,0,2.8407,0,0,0
2.206,0,0,0,0,0,0,0,2.84,0,0,0
2.207,0,0,0,0,0,0,0,2.8395,0,0,0
2.208,0,0,0,0,0,0,0,2.839,0,0,0
2.209,0,0,0,0,0,0,0,2.8384,0,0,0
2.21,0,0,0,0,0,0,0,2.8378,0,0,0
2.211,0,0,0,0,0,0,0,2.8371,0,0,0
2.212,0,0,0,0,0,0,0,2.8365,0,0,0
2.213,0,0,0,0,0,0,0,2.836,0,0,0
2.214,0,0,0,0,0,0,0,2.8351,0,0,0
2.215,0,0,0,0,0,0,0,2.8335,0,0,0
2.216,0,0,0,0,0,0,0,2.8321,0,0,0
2.217,0,0,0,0,0,0,0,2.8319,0,0,0
2.218,0,0,0,0,0,0,0,2.8318,0,0,0
2.219,0,0,0,0,0,0,0,2.8311,0,0,0
2.22,0,0,0,0,0,0,0,2.8299,0,0,0
2.221,0,0,0,0,0,0,0,2.829,0,0,0
2.222,0,0,0,0,0,0,0,2.8278,0,0,0
2.223,0,0,0,0,0,0,0,2.8259,0,0,0
2.224,0,0,0,0,0,0,0,2.8239,0,0,0
2.225,0,0,0,0,0,0,0,2.8224,0,0,0
2.226,0,0,0,0,0,0,0,2.8211,0,0,0
2.227,0,0,0,0,0,0,0,2.8196,0,0,0
2.228,0,0,0,0,0,0,0,2.8179,0,0,0
2.229,0,0,0,0,0,0,0,2.8162,0,0,0
2.23,0,0,0,0,0,0,0,2.8143,0,0,0
2.231,0,0,0,0,0,0,0,2.8123,0,0,0
2.232,0,0,0,0,0,0,0,2.8101,0,0,0
2.233,0,0,0,0,0,0,0,2.8078,0,0,0
2.234,0,0,0,0,0,0,0,2.8053,0,0,0
2.235,0,0,0,0,0,0,0,2.8026,0,0,0
2.236,0,0,0,0,0,0,0,2.7997,0,0,0
2.237,0,0,0,0,0,0,0,2.7964,0,0,0
2.238,0,0,0,0,0,0,0,2.7932,0,0,0
2.239,0,0,0,0,0,0,0,2.7903,0,0,0
2.24,0,0,0,0,0,0,0,2.7872,0,0,0
2.241,0,0,0,0,0,0,0,2.7833,0,0,0
2.242,0,0,0,0,0,0,0,2.7786,0,0,0
2.243,0,0,0,0,0,0,0,2.7737,0,0,0
2.244,0,0,0,0,0,0,0,2.7687,0,0,0
2.245,0,0,0,0,0,0,0,2.764,0,0,0
2.246,0,0,0,0,0,0,0,2.7588,0,0,0
2.247,0,0,0,0,0,0,0,2.7527,0,0,0
2.248,0,0,0,0,0,0,0,2.7458,0,0,0
2.249,0,0,0,0,0,0,0,2.7385,0,0,0
2.25,0,0,0,0,0,0,0,2.731,0,0,0
2.251,0,0,0,0,0,0,0,2.7238,0,0,0
2.252,0,0,0,0,0,0,0,2.7161,0,0,0
2.253,0,0,0,0,0,0,0,2.7072,0,0,0
2.254,0,0,0,0,0,0,0,2.6975,0,0,0
2.255,0,0,0,0,0,0,0,2.6875,0,0,0
2.256,0,0,0,0,0,0,0,2.6766,0,0,0
2.257,0,0,0,0,0,0,0,2.6644,0,0,0
2.258,0,0,0,0,0,0,0,2.6516,0,0,0
2.259,0,0,0,0,0,0,0,2.6386,0,0,0
2.26,0,0,0,0,0,0,0,2.6252,0,0,0
2.261,0,0,0,0,0,0,0,2.6109,0,0,0
2.262,0,0,0,0,0,0,0,2.5957,0,0,0
2.263,0,0,0,0,0,0,0,2.5798,0,0,0
2.264,0,0,0,0,0,0,0,2.5631,0,0,0
2.265,0,0,0,0,0,0,0,2.5455,0,0,0
2.266,0,0,0,0,0,0,0,2.527,0,0,0
2.267,0,0,0,0,0,0,0,2.5076,0,0,0
2.268,0,0,0,0,0,0,0,2.4874,0,0,0
2.269,0,0,0,0,0,0,0,2.4662,0,0,0
2.27,0,0,0,0,0,0,0,2.4441,0,0,0
2.271,0,0,0,0,0,0,0,2.4211,0,0,0
2.272,0,0,0,0,0,0,0,2.3971,0,0,0
2.273,0,0,0,0,0,0,0,2.3722,0,0,0
2.274,0,0,0,0,0,0,0,2.3463,0,0,0
2.275,0,0,0,0,0,0,0,2.3195,0,0,0
2.276,0,0,0,0,0,0,0,2.2918,0,0,0
2.277,0,0,0,0,0,0,0,2.2631,0,0,0
2.278,0,0,0,0,0,0,0,2.2335,0,0,0
2.279,0,0,0,0,0,0,0,2.2029,0,0,0
2.28,0,0,0,0,0,0,0,2.1715,0,0,0
2.281,0,0,0,0,0,0,0,2.1392,0,0,0
2.282,0,0,0,0,0,0,0,2.106,0,0,0
2.283,0,0,0,0,0,0,0,2.072,0,0,0
2.284,0,0,0,0,0,0,0,2.0371,0,0,0
2.285,0,0,0,0,0,0,0,2.0015,0,0,0
2.286,0,0,0,0,0,0,0,1.9651,0,0,0
2.287,0,0,0,0,0,0,0,1.9281,0,0,0
2.288,0,0,0,0,0,0,0,1.8903,0,0,0
2.289,0,0,0,0,0,0,0,1.8519,0,0,0
2.29,0,0,0,0,0,0,0,1.813,0,0,0
2.291,0,0,0,0,0,0,0,1.7734,0,0,0
2.292,0,0,0,0,0,0,0,1.7335,0,0,0
2.293,0,0,0,0,0,0,0,1.693,0,0,0
2.294,0,0,0,0,0,0,0,1.6522,0,0,0
2.295,0,0,0,0,0,0,0,1.6109,0,0,0
2.296,0,0,0,0,0,0,0,1.5695,0,0,0
2.297,0,0,0,0,0,0,0,1.5282,0,0,0
2.298,0,0,0,0,0,0,0,1.4867,0,0,0
2.299,0,0,0,0,0,0,0,1.4448,0,0,0
2.3,0,0,0,0,0,0,0,1.4027,0,0,0
2.301,0,0,0,0,0,0,0,1.3608,0,0,0
2.302,0,0,0,0,0,0,0,1.3189,0,0,0
2.303,0,0,0,0,0,0,0,1.2768,0,0,0
2.304,0,0,0,0,0,0,0,1.235,0,0,0
2.305,0,0,0,0,0,0,0,1.1936,0,0,0
2.306,0,0,0,0,0,0,0,1.1527,0,0,0
2.307,0,0,0,0,0,0,0,1.112,0,0,0
2.308,0,0,0,0,0,0,0,1.0718,0,0,0
2.309,0,0,0,0,0,0,0,1.0323,0,0,0
2.31,0,0,0,0,0,0,0,0.9932,0,0,0
2.311,0,0,0,0,0,0,0,0.9545,0,0,0
2.312,0,0,0,0,0,0,0,0.9163,0,0,0
2.313,0,0,0,0,0,0,0,0.8787,0,0,0
2.314,0,0,0,0,0,0,0,0.8419,0,0,0
2.315,0,0,0,0,0,0,0,0.8058,0,0,0
2.316,0,0,0,0,0,0,0,0.7704,0,0,0
2.317,0,0,0,0,0,0,0,0.7358,0,0,0
2.318,0,0,0,0,0,0,0,0.702,0,0,0
2.319,0,0,0,0,0,0,0,0.6689,0,0,0
2.32,0,0,0,0,0,0,0,0.6367,0,0,0
2.321,0,0,0,0,0,0,0,0.6055,0,0,0
2.322,0,0,0,0,0,0,0,0.5752,0,0,0
2.323,0,0,0,0,0,0,0,0.5459,0,0,0
2.324,0,0,0,0,0,0,0,0.5175,0,0,0
2.325,0,0,0,0,0,0,0,0.49,0,0,0
2.326,0,0,0,0,0,0,0,0.4634,0,0,0
2.327,0,0,0,0,0,0,0,0.438,0,0,0
2.328,0,0,0,0,0,0,0,0.4134,0,0,0
2.329,0,0,0,0,0,0,0,0.3897,0,0,0
2.33,0,0,0,0,0,0,0,0.3669,0,0,0
2.331,0,0,0,0,0,0,0,0.345,0,0,0
2.332,0,0,0,0,0,0,0,0.3241,0,0,0
2.333,0,0,0,0,0,0,0,0.3041,0,0,0
2.334,0,0,0,0,0,0,0,0.285,0,0,0
2.335,0,0,0,0,0,0,0,0.2668,0,0,0
2.336,0,0,0,0,0,0,0,0.2495,0,0,0
2.337,0,0,0,0,0,0,0,0.2331,0,0,0
2.338,0,0,0,0,0,0,0,0.2175,0,0,0
2.339,0,0,0,0,0,0,0,0.2026,0,0,0
2.34,0,0,0,0,0,0,0,0.1886,0,0,0
2.341,0,0,0,0,0,0,0,0.1753,0,0,0
2.342,0,0,0,0,0,0,0,0.1628,0,0,0
2.343,0,0,0,0,0,0,0,0.151,0,0,0
2.344,0,0,0,0,0,0,0,0.1399,0,0,0
2.345,0,0,0,0,0,0,0,0.1294,0,0,0
2.346,0,0,0,0,0,0,0,0.1195,0,0,0
2.347,0,0,0,0,0,0,0,0.1103,0,0,0
2.348,0,0,0,0,0,0,0,0.1016,0,0,0
2.349,0,0,0,0,0,0,0,0.0935,0,0,0
2.35,0,0,0,0,0,0,0,0.086,0,0,0
2.351,0,0,0,0,0,0,0,0.079,0,0,0
2.352,0,0,0,0,0,0,0,0.0724,0,0,0
2.353,0,0,0,0,0,0,0,0.0664,0,0,0
2.354,0,0,0,0,0,0,0,0.0607,0,0,0
2.355,0,0,0,0,0,0,0,0.0555,0,0,0
2.356,0,0,0,0,0,0,0,0.0506,0,0,0
2.357,0,0,0,0,0,0,0,0.0461,0,0,0
2.358,0,0,0,0,0,0,0,0.042,0,0,0
2.359,0,0,0,0,0,0,0,0.0382,0,0,0
2.36,0,0,0,0,0,0,0,0.0347,0,0,0
2.361,0,0,0,0,0,0,0,0.0314,0,0,0
2.362,0,0,0,0,0,0,0,0.0285,0,0,0
2.363,0,0,0,0,0,0,0,0.0257,0,0,0
2.364,0,0,0,0,0,0,0,0.0233,0,0,0
2.365,0,0,0,0,0,0,0,0.021,0,0,0
2.366,0,0,0,0,0,0,0,0.0189,0,0,0
2.367,0,0,0,0,0,0,0,0.017,0,0,0
2.368,0,0,0,0,0,0,0,0.0153,0,0,0
2.369,0,0,0,0,0,0,0,0.0137,0,0,0
2.37,0,0,0,0,0,0,0,0.0123,0,0,0
2.371,0,0,0,0,0,0,0,0.011,0,0,0
2.372,0,0,0,0,0,0,0,0.0099,0,0,0
2.373,0,0,0,0,0,0,0,0.0088,0,0,0
2.374,0,0,0,0,0,0,0,0.0079,0,0,0
2.375,0,0,0,0,0,0,0,0.007,0,0,0
2.376,0,0,0,0,0,0,0,0.0062,0,0,0
2.377,0,0,0,0,0,0,0,0.0055,0,0,0
2.378,0,0,0,0,0,0,0,0.0049,0,0,0
2.379,0,0,0,0,0,0,0,0.0044,0,0,0
2.38,0,0,0,0,0,0,0,0.0039,0,0,0
2.381,0,0,0,0,0,0,0,0.0034,0,0,0
2.382,0,0,0,0,0,0,0,0.003,0,0,0
2.383,0,0,0,0,0,0,0,0.0026,0,0,0
2.384,0,0,0,0,0,0,0,0.0023,0,0,0
2.385,0,0,0,0,0,0,0,0.0021,0,0,0
2.386,0,0,0,0,0,0,0,0.0018,0,0,0
2.387,0,0,0,0,0,0,0,0.0016,0,0,0
2.388,0,0,0,0,0,0,0,0.0014,0,0,0
2.389,0,0,0,0,0,0,0,0.0012,0,0,0
2.39,0,0,0,0,0,0,0,0.0011,0,0,0
2.391,0,0,0,0,0,0,0,0.0009,0,0,0
2.392,0,0,0,0,0,0,0,0.0008,0,0,0
2.393,0,0,0,0,0,0,0,0.0007,0,0,0
2.394,0,0,0,0,0,0,0,0.0006,0,0,0
2.395,0,0,0,0,0,0,0,0.0005,0,0,0
2.396,0,0,0,0,0,0,0,0.0005,0,0,0
2.397,0,0,0,0,0,0,0,0.0004,0,0,0
2.398,0,0,0,0,0,0,0,0.0003,0,0,0
2.399,0,0,0,0,0,0,0,0.0003,0,0,0
2.4,0,0,0,0,0,0,0,0.0003,0,0,0
2.401,0,0,0,0,0,0,0,0.0002,0,0,0
2.402,0,0,0,0,0,0,0,0.0002,0,0,0
2.403,0,0,0,0,0,0,0,0.0002,0,0,0
2.404,0,0,0,0,0,0,0,0.0001,0,0,0
2.405,0,0,0,0,0,0,0,0.0001,0,0,0
2.406,0,0,0,0,0,0,0,0.0001,0,0,0
2.407,0,0,0,0,0,0,0,0.0001,0,0,0
2.408,0,0,0,0,0,0,0,0.0001,0,0,0
2.409,0,0,0,0,0,0,0,0.0001,0,0,0
2.41,0,0,0,0,0,0,0,0.0001,0,0,0
2.411,0,0,0,0,0,0,0,0,0,0,0
2.412,0,0,0,0,0,0,0,0,0,0,0
2.413,0,0,0,0,0,0,0,0,0,0,0
2.414,0,0,0,0,0,0,0,0,0,0,0
2.415,0,0,0,0,0,0,0,0,0,0,0
2.416,0,0,0,0,0,0,0,0,0,0,0
2.417,0,0,0,0,0,0,0,0,0,0,0
2.418,0,0,0,0,0,0,0,0,0,0,0
2.419,0,0,0,0,0,0,0,0,0,0,0
2.42,0,0,0,0,0,0,0,0,0,0,0
2.421,0,0,0,0,0,0,0,0,0,0,0
2.422,0,0,0,0,0,0,0,0,0,0,0
2.423,0,0,0,0,0,0,0,0,0,0,0
2.424,0,0,0,0,0,0,0,0,0,0,0
2.425,0,0,0,0,0,0,0,0,0,0,0
2.426,0,0,0,0,0,0,0,0,0,0,0
2.427,0,0,0,0,0,0,0,0,0,0,0
2.428,0,0,0,0,0,0,0,0,0,0,0
2.429,0,0,0,0,0,0,0,0,0,0,0
2.43,0,0,0,0,0,0,0,0,0,0,0
2.431,0,0,0,0,0,0,0,0,0,0,0
2.432,0,0,0,0,0,0,0,0,0,0,0
2.433,0,0,0,0,0,0,0,0,0,0,0
2.434,0,0,0,0,0,0,0,0,0,0,0
2.435,0,0,0,0,0,0,0,0,0,0,0
2.436,0,0,0,0,0,0,0,0,0,0,0
2.437,0,0,0,0,0,0,0,0,0,0,0
2.438,0,0,0,0,0,0,0,0,0,0,0
2.439,0,0,0,0,0,0,0,0,0,0,0
2.44,0,0,0,0,0,0,0,0,0,0,0
2.441,0,0,0,0,0,0,0,0,0,0,0
2.442,0,0,0,0,0,0,0,0,0,0,0
2.443,0,0,0,0,0,0,0,0,0,0,0
2.444,0,0,0,0,0,0,0,0,0,0,0
2.445,0,0,0,0,0,0,0,0,0,0,0
2.446,0,0,0,0,0,0,0,0,0,0,0
2.447,0,0,0,0,0,0,0,0,0,0,0
2.448,0,0,0,0,0,0,0,0,0,0,0
2.449,0,0,0,0,0,0,0,0,0,0,0
2.45,0,0,0,0,0,0,0,0,0,0,0
2.451,0,0,0,0,0,0,0,0,0,0,0
2.452,0,0,0,0,0,0,0,0,0,0,0
2.453,0,0,0,0,0,0,0,0,0,0,0
2.454,0,0,0,0,0,0,0,0,0,0,0
2.455,0,0,0,0,0,0,0,0,0,0,0
2.456,0,0,0,0,0,0,0,0,0,0,0
2.457,0,0,0,0,0,0,0,0,0,0,0
2.458,0,0,0,0,0,0,0,0,0,0,0
2.459,0,0,0,0,0,0,0,0,0,0,0
2.46,0,0,0,0,0,0,0,0,0,0,0
2.461,0,0,0,0,0,0,0,0,0,0,0
2.462,0,0,0,0,0,0,0,0,0,0,0
2.463,0,0,0,0,0,0,0,0,0,0,0
2.464,0,0,0,0,0,0,0,0,0,0,0
2.465,0,0,0,0,0,0,0,0,0,0,0
2.466,0,0,0,0,0,0,0,0,0,0,0
2.467,0,0,0,0,0,0,0,0,0,0,0
2.468,0,0,0,0,0,0,0,0,0,0,0
2.469,0,0,0,0,0,0,0,0,0,0,0
2.47,0,0,0,0,0,0,0,0,0,0,0
2.471,0,0,0,0,0,0,0,0,0,0,0
2.472,0,0,0,0,0,0,0,0,0,0,0
2.473,0,0,0,0,0,0,0,0,0,0,0
2.474,0,0,0,0,0,0,0,0,0,0,0
2.475,0,0,0,0,0,0,0,0,0,0,0
2.476,0,0,0,0,0,0,0,0,0,0,0
2.477,0,0,0,0,0,0,0,0,0,0,0
2.478,0,0,0,0,0,0,0,0,0,0,0
2.479,0,0,0,0,0,0,0,0,0,0,0
2.48,0,0,0,0,0,0,0,0,0,0,0
2.481,0,0,0,0,0,0,0,0,0,0,0
2.482,0,0,0,0,0,0,0,0,0,0,0
2.483,0,0,0,0,0,0,0,0,0,0,0
2.484,0,0,0,0,0,0,0,0,0,0,0
2.485,0,0,0,0,0,0,0,0,0,0,0
2.486,0,0,0,0,0,0,0,0,0,0,0
2.487,0,0,0,0,0,0,0,0,0,0,0
2.488,0,0,0,0,0,0,0,0,0,0,0
2.489,0,0,0,0,0,0,0,0,0,0,0
2.49,0,0,0,0,0,0,0,0,0,0,0
2.491,0,0,0,0,0,0,0,0,0,0,0
2.492,0,0,0,0,0,0,0,0,0,0,0
2.493,0,0,0,0,0,0,0,0,0,0,0
2.494,0,0,0,0,0,0,0,0,0,0,0
2.495,0,0,0,0,0,0,0,0,0,0,0
2.496,0,0,0,0,0,0,0,0,0,0,0
2.497,0,0,0,0,0,0,0,0,0,0,0
2.498,0,0,0,0,0,0,0,0,0,0,0
2.499,0,0,0,0,0,0,0,0,0,0,0
2.5,0,0,0,0,0,0,0,0,0,0,0
2.501,0,0,0,0,0,0,0,0,0,0,0
2.502,0,0,0,0,0,0,0,0,0,0,0
2.503,0,0,0,0,0,0,0,0,0,0,0
2.504,0,0,0,0,0,0,0,0,0,0,0
2.505,0,0,0,0,0,0,0,0,0,0,0
2.506,0,0,0,0,0,0,0,0,0,0,0
2.507,0,0,0,0,0,0,0,0,0,0,0
2.508,0,0,0,0,0,0,0,0,0,0,0
2.509,0,0,0,0,0,0,0,0,0,0,0
2.51,0,0,0,0,0,0,0,0,0,0,0
2.511,0,0,0,0,0,0,0,0,0,0,0
2.512,0,0,0,0,0,0,0,0,0,0,0
2.513,0,0,0,0,0,0,0,0,0,0,0
2.514,0,0,0,0,0,0,0,0,0,0,0
2.515,0,0,0,0,0,0,0,0,0,0,0
2.516,0,0,0,0,0,0,0,0,0,0,0
2.517,0,0,0,0,0,0,0,0,0,0,0
2.518,0,0,0,0,0,0,0,0,0,0,0
2.519,0,0,0,0,0,0,0,0,0,0,0
2.52,0,0,0,0,0,0,0,0,0,0,0
2.521,0,0,0,0,0,0,0,0,0,0,0
2.522,0,0,0,0,0,0,0,0,0,0,0
2.523,0,0,0,0,0,0,0,0,0,0,0
2.524,0,0,0,0,0,0,0,0,0,0,0
2.525,0,0,0,0,0,0,0,0,0,0,0
2.526,0,0,0,0,0,0,0,0,0,0,0
2.527,0,0,0,0,0,0,0,0,0,0,0
2.528,0,0,0,0,0,0,0,0,0,0,0
2.529,0,0,0,0,0,0,0,0,0,0,0
2.53,0,0,0,0,0,0,0,0,0,0,0
2.531,0,0,0,0,0,0,0,0,0,0,0
2.532,0,0,0,0,0,0,0,0,0,0,0
2.533,0,0,0,0,0,0,0,0,0,0,0
2.534,0,0,0,0,0,0,0,0,0,0,0
2.535,0,0,0,0,0,0,0,0,0,0,0
2.536,0,0,0,0,0,0,0,0,0,0,0
2.537,0,0,0,0,0,0,0,0,0,0,0
2.538,0,0,0,0,0,0,0,0,0,0,0
2.539,0,0,0,0,0,0,0,0,0,0,0
2.54,0,0,0,0,0,0,0,0,0,0,0
2.541,0,0,0,0,0,0,0,0,0,0,0
2.542,0,0,0,0,0,0,0,0,0,0,0
2.543,0,0,0,0,0,0,0,0,0,0,0
2.544,0,0,0,0,0,0,0,0,0,0,0
2.545,0,0,0,0,0,0,0,0,0,0,0
2.546,0,0,0,0,0,0,0,0,0,0,0
2.547,0,0,0,0,0,0,0,0,0,0,0
2.548,0,0,0,0,0,0,0,0,0,0,0
2.549,0,0,0,0,0,0,0,0,0,0,0
2.55,0,0,0,0,0,0,0,0,0,0,0
2.551,0,0,0,0,0,0,0,0,0,0,0
2.552,0,0,0,0,0,0,0,0,0,0,0
2.553,0,0,0,0,0,0,0,0,0,0,0
2.554,0,0,0,0,0,0,0,0,0,0,0
2.555,0,0,0,0,0,0,0,0,0,0,0
2.556,0,0,0,0,0,0,0,0,0,0,0
2.557,0,0,0,0,0,0,0,0,0,0,0
2.558,0,0,0,0,0,0,0,0,0,0,0
2.559,0,0,0,0,0,0,0,0,0,0,0
2.56,0,0,0,0,0,0,0,0,0,0,0
2.561,0,0,0,0,0,0,0,0,0,0,0
2.562,0,0,0,0,0,0,0,0,0,0,0
2.563,0,0,0,0,0,0,0,0,0,0,0
2.564,0,0,0,0,0,0,0,0,0,0,0
2.565,0,0,0,0,0,0,0,0,0,0,0
2.566,0,0,0,0,0,0,0,0,0,0,0
2.567,0,0,0,0,0,0,0,0,0,0,0
2.568,0,0,0,0,0,0,0,0,0,0,0
2.569,0,0,0,0,0,0,0,0,0,0,0
2.57,0,0,0,0,0,0,0,0,0,0,0
2.571,0,0,0,0,0,0,0,0,0,0,0
2.572,0,0,0,0,0,0,0,0,0,0,0
2.573,0,0,0,0,0,0,0,0,0,0,0
2.574,0,0,0,0,0,0,0,0,0,0,0
2.575,0,0,0,0,0,0,0,0,0,0,0
2.576,0,0,0,0,0,0,0,0,0,0,0
2.577,0,0,0,0,0,0,0,0,0,0,0
2.578,0,0,0,0,0,0,0,0,0,0,0
2.579,0,0,0,0,0,0,0,0,0,0,0
2.58,0,0,0,0,0,0,0,0,0,0,0
2.581,0,0,0,0,0,0,0,0,0,0,0
2.582,0,0,0,0,0,0,0,0,0,0,0
2.583,0,0,0,0,0,0,0,0,0,0,0
2.584,0,0,0,0,0,0,0,0,0,0,0
2.585,0,0,0,0,0,0,0,0,0,0,0
2.586,0,0,0,0,0,0,0,0,0,0,0
2.587,0,0,0,0,0,0,0,0,0,0,0
2.588,0,0,0,0,0,0,0,0,0,0,0
2.589,0,0,0,0,0,0,0,0,0,0,0
2.59,0,0,0,0,0,0,0,0,0,0,0
2.591,0,0,0,0,0,0,0,0,0,0,0
2.592,0,0,0,0,0,0,0,0,0,0,0
2.593,0,0,0,0,0,0,0,0,0,0,0
2.594,0,0,0,0,0,0,0,0,0,0,0
2.595,0,0,0,0,0,0,0,0,0,0,0
2.596,0,0,0,0,0,0,0,0,0,0,0
2.597,0,0,0,0,0,0,0,0,0,0,0
2.598,0,0,0,0,0,0,0,0,0,0,0
2.599,0,0,0,0,0,0,0,0,0,0,0
